,區,路段編號,路段名稱,起迄地點,屬性,所屬區域屬性,屋齡屬性,房屋交易情形,是否為行政區交界,如為交界，是否有繁榮商業區？,是否為主幹道,是否有交通站點,是否有特殊交通情形,特殊較通情形說明,是否有教育設施,教育設施說明,是否有公共區域,公共區域說明,是否有正向設施,正向設施說明,是否有嫌惡設施,嫌惡設施說明,是否有大型商場,大型商場說明,是否有傳統市場,傳統市場說明,是否有便利商店、購物中心,便利商店、購物中心說明,是否有金融機構,金融機構說明,是否有特殊商業設施，如連鎖KTV、健身房,特殊商業設施說明,一般零售或餐飲店集中程度,現行地段率,擬調整地段率,調幅,調整理由
0,東區,766,崇吉六街-,路全部,新編路段,新興開發區,尚未有房屋建築完成,剛重劃完成或仍開發中，未有建物交易資料,否,否,否,否,否,,否,,否,,否,,否,,否,,否,,否,,否,,否,,極低,130.0,,,屬新興開發熱區，近市立醫院、崇明國中及國小，擬比照鄰近崇明路段增編地段率。
1,東區,669,裕誠街,#ERROR!,現有路段,住宅區,普通(多數屋齡介於10至30年間),偏少(介於11至50件),否,否,否,否,否,,否,,否,,否,,否,,否,,否,,否,,否,,否,,極低,130.0,不調整,0,經綜合考量現行地段率尚屬合宜
2,東區,679,裕善街,#ERROR!,現有路段,住宅區,普通(多數屋齡介於10至30年間),極少(約10件以下),否,否,否,否,否,,否,,否,,否,,否,,否,,否,,否,,否,,否,,極低,120.0,不調整,0,經綜合考量現行地段率尚屬合宜
3,東區,594,富強三街,#ERROR!,現有路段,住宅區,普通(多數屋齡介於10至30年間),極少(約10件以下),否,否,否,否,否,,否,,否,,否,,否,,否,,否,,否,,否,,否,,低,110.0,不調整,0,經綜合考量現行地段率尚屬合宜
4,東區,53,中華東路二段(巷全部),#ERROR!,現有路段,住宅區,普通(多數屋齡介於10至30年間),偏熱(介於101至200件),否,否,否,否,否,,否,,否,,是,臺南市政府環保局,否,,否,,否,,否,,否,,是,健身房,一般,110.0,115,↑5,"地處東區精華地段,生活機能良好,擬小幅調升。"
5,東區,121,文化六街-,全部(路含巷),現有路段,住宅區,普通(多數屋齡介於10至30年間),極少(約10件以下),否,否,否,否,否,,否,,是,公園,否,,否,,否,,否,,否,,否,,否,,極低,120.0,不調整,0,經綜合考量現行地段率尚屬合宜
6,東區,650,裕豐街 路全部,路全部,現有路段,住商混合區,偏老(多數屋齡30年以上),偏少(介於11至50件),否,否,否,否,否,,否,,否,,否,,否,,否,,否,,是,7-ELEVEN,否,,否,,一般,120.0,不調整,0,經綜合考量現行地段率尚屬合宜
7,東區,538,崇明路(起點-中華東路),#ERROR!,現有路段,住商混合區,普通(多數屋齡介於10至30年間),偏少(介於11至50件),否,否,是,是,否,,否,,否,,是,文化中心、文化派出所,否,,否,,否,,是,seven、全聯,是,花旗銀行,否,,高,140.0,不調整,0,經綜合考量現行地段率尚屬合宜
8,東區,395,長榮路二段 路全部,路全部,現有路段,住商混合區,普通(多數屋齡介於10至30年間),偏少(介於11至50件),否,否,是,是,否,,是,中學,是,公園,否,,否,,否,,否,,是,7-ELEVEN,是,中國信託商業銀行   永豐銀行,否,,一般,130.0,不調整,0,經綜合考量現行地段率尚屬合宜
9,東區,651,裕豐街 巷全部,巷全部,現有路段,住商混合區,偏老(多數屋齡30年以上),普通(介於51至100件),否,否,否,否,否,,否,,否,,否,,否,,否,,否,,否,,否,,否,,低,110.0,不調整,0,經綜合考量現行地段率尚屬合宜
10,東區,165,北門路二段巷（火車站-開元路）,巷（火車站-開元路）,現有路段,住商混合區,普通(多數屋齡介於10至30年間),極少(約10件以下),否,否,否,否,否,,否,,否,,否,,否,,否,,否,,是,7-ELEVEN,否,,否,,低,130.0,不調整,0,經綜合考量現行地段率尚屬合宜
11,東區,552,崇善東路-,#ERROR!,現有路段,住商混合區,偏老(多數屋齡30年以上),極少(約10件以下),否,否,否,否,否,,否,,否,,否,,否,,否,,否,,否,,否,,否,,一般,120.0,不調整,0,經綜合考量現行地段率尚屬合宜
12,東區,49,中華東路一段(後甲圓環-凱旋路之雙號),後甲圓環-凱旋路之雙號,現有路段,住商混合區,普通(多數屋齡介於10至30年間),極少(約10件以下),是,否,是,是,否,,否,,否,,否,,否,,是,南紡,否,,是,全家便利超商,是,中國信託商業銀行,否,,一般,150.0,160,↑10,本路段合宜地段率為180，惟本市地段率級距最高為180，另檢視中華東路一段(後甲圓環-凱旋路之雙號)110年平均公告現值較107年漲幅57.70%，經現勘為商業繁榮路段，故本路段地段率擬上調至160。
13,東區,326,東安路 路全部,路全部,現有路段,住商混合區,偏老(多數屋齡30年以上),偏少(介於11至50件),否,否,是,否,否,,是,中學,是,公園,否,,否,,否,,否,,是, 7-ELEVEN,否,,否,,高,130.0,不調整,0,經綜合考量現行地段率尚屬合宜
14,東區,752,平實五~六路 全部（路含巷),全部（路含巷）,新編路段,住宅區,尚未有房屋建築完成,剛重劃完成或仍開發中，未有建物交易資料,否,否,否,是,否,,否,,是,公園,是,榮民醫院,否,,是,臺南紡織、國賓影城,否,,否,,否,,是,KTV、World Gym,低,140.0,不調整,0,此為新編路段，鄰近南紡購物中心、國賓影城商圈及大灣交流道，未來發展性良好，公告現值每平方公尺逾20萬元，擬按周邊路段地段率訂定。
15,東區,715,德昌路-,#ERROR!,現有路段,住宅區,較新(多數屋齡10年以內),偏熱(介於101至200件),否,否,否,否,否,,否,,否,,否,,否,,否,,否,,是,統一超商,否,,否,,極低,120.0,不調整,0,經綜合考量現行地段率尚屬合宜
16,東區,278,自由路一段-,全部（路含巷）,現有路段,住商混合區,普通(多數屋齡介於10至30年間),偏少(介於11至50件),否,否,否,是,否,,否,,否,,否,,否,,否,,否,,是,OK便利商店、全家,否,,否,,低,120.0,不調整,0,經綜合考量現行地段率尚屬合宜
17,東區,25,大學路路全部,路全部,現有路段,住商混合區,普通(多數屋齡介於10至30年間),極少(約10件以下),否,否,否,是,否,,是,大專院校,是,公園,否,,否,,是,九乘九,否,,是,7-ELEVEN,是,兆豐銀行、永豐銀行、成大郵局,否,,一般,140.0,不調整,0,經綜合考量現行地段率尚屬合宜
18,東區,706,慶東街 全部（路含巷）,全部（路含巷）,現有路段,住商混合區,普通(多數屋齡介於10至30年間),偏少(介於11至50件),是,否,否,否,否,,否,,否,,否,,否,,否,,否,,是,7-ELEVEN,是,台南市東區合作社,否,,低,130.0,不調整,0,經綜合考量現行地段率尚屬合宜
19,東區,539,崇明路-,#ERROR!,現有路段,住商混合區,普通(多數屋齡介於10至30年間),偏少(介於11至50件),否,否,是,是,否,,是,小學及中學,是,公園,是,市立醫院、崇明國中室內spa游泳池,否,,否,,否,,是,統一超商,否,,是,優質健身會館,一般,130.0,不調整,0,經綜合考量現行地段率尚屬合宜
20,東區,306,青年路(北門路一段-勝利路),北門路一段-勝利路,現有路段,住商混合區,普通(多數屋齡介於10至30年間),極少(約10件以下),否,否,否,是,否,,否,,是,公園,否,,否,,否,,否,,是,7-ELEVEN,否,,否,,高,150.0,不調整,0,經綜合考量現行地段率尚屬合宜
21,東區,563,莊敬路 路全部,路全部,現有路段,住商混合區,普通(多數屋齡介於10至30年間),偏少(介於11至50件),否,否,否,否,否,,否,,否,,否,,否,,是,國賓影城,否,,是,7-ELEVEN,否,,否,,一般,120.0,不調整,0,經綜合考量現行地段率尚屬合宜
22,東區,658,裕義路,#ERROR!,現有路段,住宅區,較新(多數屋齡10年以內),偏少(介於11至50件),是,否,否,否,否,,否,,否,,否,,否,,否,,否,,是,全家,否,,否,,極低,130.0,不調整,0,經綜合考量現行地段率尚屬合宜
23,東區,541,崇明一街-二十四街-,#ERROR!,現有路段,住宅區,偏老(多數屋齡30年以上),偏少(介於11至50件),否,否,是,否,否,,否,,否,,否,,否,,否,,否,,否,,否,,否,,極低,125.0,不調整,0,經綜合考量現行地段率尚屬合宜
24,東區,397,長榮路三段 路全部,路全部,現有路段,住商混合區,普通(多數屋齡介於10至30年間),極少(約10件以下),是,否,是,是,否,,是,大專院校,是,公園,否,,否,,否,,否,,是,7-ELEVEN,否,,否,,高,150.0,不調整,0,經綜合考量現行地段率尚屬合宜
25,東區,126,仁東街-,全部（路含巷）,現有路段,住宅區,普通(多數屋齡介於10至30年間),普通(介於51至100件),否,否,否,否,否,,否,,否,,否,,否,,否,,否,,是,全家,否,,否,,極低,114.99999999999999,114.99999999999999,0,
26,東區,52,中華東路二段(路全部),#ERROR!,現有路段,住商混合區,普通(多數屋齡介於10至30年間),偏熱(介於101至200件),否,否,是,是,否,,否,,否,,否,,否,,否,,否,,是,全聯,是,中華信託、合作金庫,是,健身工廠,高,140.0,不調整,0,經綜合考量現行地段率尚屬合宜
27,東區,684,裕學路(巷全部),#ERROR!,現有路段,住宅區,偏老(多數屋齡30年以上),極少(約10件以下),否,否,否,否,否,,否,,否,,否,,否,,否,,否,,否,,否,,否,,極低,110.0,不調整,0,經綜合考量現行地段率尚屬合宜
28,東區,716,德昌一街-,#ERROR!,現有路段,住宅區,較新(多數屋齡10年以內),極少(約10件以下),否,否,否,否,否,,否,,否,,否,,否,,否,,否,,否,,否,,否,,極低,115.0,不調整,0,經綜合考量現行地段率尚屬合宜
29,東區,683,裕學路,#ERROR!,現有路段,住商混合區,普通(多數屋齡介於10至30年間),極少(約10件以下),否,否,否,否,否,,否,,否,,否,,否,,是,塔木德酒店台南館,否,,否,,否,,否,,低,130.0,不調整,0,經綜合考量現行地段率尚屬合宜
30,東區,281,自由路三段(路全部),#ERROR!,現有路段,住商混合區,普通(多數屋齡介於10至30年間),偏少(介於11至50件),否,否,否,是,否,,否,,否,,否,,否,,否,,否,,是,全家、seven、全聯,是,郵局,否,,低,120.0,不調整,0,經綜合考量現行地段率尚屬合宜
31,東區,56,中華東路三段-,380巷、399巷-大同路（陸橋兩側）,現有路段,住宅區,偏老(多數屋齡30年以上),極少(約10件以下),否,否,否,否,否,,否,,否,,否,,否,,否,,否,,否,,否,,否,,極低,120.0,不調整,0,經綜合考量現行地段率尚屬合宜
32,東區,50,中華東路一段路全部(除後甲圓環-凱旋路之雙號),路全部(除後甲圓環-凱旋路之雙號),現有路段,住商混合區,普通(多數屋齡介於10至30年間),偏少(介於11至50件),是,否,是,是,否,,否,,否,,否,,否,,是,國賓影城,否,,是,7-ELEVEN,是,新光東台南銀行,是,World Gym台南國賓店,一般,140.0,不調整,0,經綜合考量現行地段率尚屬合宜
33,東區,329,東興路 巷全部,巷全部,現有路段,住宅區,普通(多數屋齡介於10至30年間),偏少(介於11至50件),否,否,否,否,否,,否,,否,,否,,否,,否,,否,,否,,否,,否,,極低,115.0,不調整,0,經綜合考量現行地段率尚屬合宜
34,東區,219,永東街-,全部（路含巷）,現有路段,住宅區,較新(多數屋齡10年以內),極少(約10件以下),否,否,否,否,否,,否,,否,,否,,否,,否,,否,,否,,否,,否,,極低,110.00000000000001,不調整,0,經綜合考量現行地段率尚屬合宜
35,東區,753,平實七~八街 全部（路含巷),全部（路含巷）,新編路段,住宅區,尚未有房屋建築完成,剛重劃完成或仍開發中，未有建物交易資料,否,否,否,是,否,,否,,是,公園,是,榮民醫院,否,,是,臺南紡織、國賓影城  ,否,,否,,否,,是,KTV、World Gym,低,140.0,不調整,0,此為新編路段，鄰近南紡購物中心、國賓影城商圈及大灣交流道，未來發展性良好，公告現值每平方公尺逾20萬元，擬按周邊路段地段率訂定。
36,東區,591,富農街二段(巷全部),#ERROR!,現有路段,住宅區,普通(多數屋齡介於10至30年間),偏少(介於11至50件),否,否,否,否,否,,否,,否,,否,,否,,否,,否,,否,,否,,否,,一般,110.0,不調整,0,經綜合考量現行地段率尚屬合宜
37,東區,27,大學路西段路全部,路全部,現有路段,住商混合區,普通(多數屋齡介於10至30年間),極少(約10件以下),否,否,否,是,否,,是,大專院校,否,,否,,否,,是,香格里拉,否,,是,7-ELEVEN,否,,否,,一般,150.0,不調整,0,經綜合考量現行地段率尚屬合宜
38,東區,280,自由路二段-,#ERROR!,現有路段,住宅區,普通(多數屋齡介於10至30年間),偏少(介於11至50件),否,否,否,否,否,,否,,否,,否,,否,,否,,否,,否,,否,,否,,極低,115.0,不調整,0,經綜合考量現行地段率尚屬合宜
39,東區,51,中華東路一段巷全部,巷全部,現有路段,住商混合區,普通(多數屋齡介於10至30年間),極少(約10件以下),否,否,是,否,否,,否,,否,,否,,否,,否,,否,,是,超商,否,,否,,一般,110.0,115,↑5,本路段合宜地段率為130，鄰近南紡購物中心、國賓影城商圈，生活機能便利，且周邊鄰巷之地段率至少115上(例如：莊敬路巷全部115；東平路巷全部120)，故本路段地段率擬上調至115。                                  
40,東區,681,裕興街,#ERROR!,現有路段,住宅區,普通(多數屋齡介於10至30年間),極少(約10件以下),否,否,否,否,否,,否,,是,公園,否,,否,,否,,否,,否,,否,,否,,極低,130.0,不調整,0,經綜合考量現行地段率尚屬合宜
41,東區,704,衛民街 巷全部,巷全部,現有路段,住宅區,偏老(多數屋齡30年以上),極少(約10件以下),否,否,否,否,否,,否,,否,,否,,否,,否,,否,,否,,否,,否,,極低,130.0,不調整,0,經綜合考量現行地段率尚屬合宜
42,東區,549,崇善一街-十三街-,#ERROR!,現有路段,住宅區,普通(多數屋齡介於10至30年間),偏熱(介於101至200件),否,否,否,否,否,,否,,否,,否,,否,,否,,否,,否,,否,,否,,極低,125.0,不調整,0,經綜合考量現行地段率尚屬合宜
43,東區,57,中華東路三段(巷全部),#ERROR!,現有路段,住宅區,普通(多數屋齡介於10至30年間),偏熱(介於101至200件),否,否,是,是,否,,否,,否,,否,,否,,否,,否,,否,,否,,否,,極低,120.0,不調整,0,經綜合考量現行地段率尚屬合宜
44,東區,320,東寧路西段 路全部,路全部,現有路段,住商混合區,普通(多數屋齡介於10至30年間),偏少(介於11至50件),否,否,否,否,否,,否,,是,公園,否,,否,,否,,否,,否,,否,,否,,低,130.0,不調整,0,經綜合考量現行地段率尚屬合宜
45,東區,646,裕農路(巷全部),#ERROR!,現有路段,住宅區,偏老(多數屋齡30年以上),,是,否,否,否,是,旁邊為國道一號,否,,否,,否,,否,,否,,否,,否,,否,,否,,極低,110.0,不調整,0,經綜合考量現行地段率尚屬合宜
46,中西區,8,大同路二段,#ERROR!,現有路段,商業繁榮區,較新(多數屋齡10年以內),極少(約10件以下),否,否,否,否,否,,是,小學及中學,是,廣場,是,政府機關、國營機構,否,,是,晶英酒店、新光三越新天地(小西門),否,,是,7-11超商,否,,是,錢櫃KTV,極低,,,,
47,東區,661,裕和二街全部(路含巷）,#ERROR!,現有路段,住宅區,普通(多數屋齡介於10至30年間),偏少(介於11至50件),否,否,否,否,否,,否,,是,公園,否,,否,,否,,否,,否,,否,,否,,極低,125.0,不調整,0,經綜合考量現行地段率尚屬合宜
48,東區,120,文化五街-,全部(路含巷),現有路段,住宅區,普通(多數屋齡介於10至30年間),極少(約10件以下),否,否,否,否,否,,否,,否,,否,,否,,否,,否,,否,,否,,否,,極低,120.0,不調整,0,經綜合考量現行地段率尚屬合宜
49,東區,154,民族路一段巷全部,巷全部,現有路段,住商混合區,普通(多數屋齡介於10至30年間),極少(約10件以下),否,否,否,否,否,,否,,否,,否,,否,,否,,否,,否,,否,,否,,一般,120.0,不調整,0,經綜合考量現行地段率尚屬合宜
50,東區,311,東門路一段 巷全部,巷全部,現有路段,住商混合區,普通(多數屋齡介於10至30年間),極少(約10件以下),否,否,否,否,否,,否,,否,,否,,否,,否,,否,,否,,否,,否,,極低,130.0,不調整,0,經綜合考量現行地段率尚屬合宜
51,東區,316,東門路三段,#ERROR!,現有路段,住商混合區,普通(多數屋齡介於10至30年間),普通(介於51至100件),是,否,是,是,否,,否,,否,,否,,否,,否,,否,,是,,是,聯邦、土地銀行,否,,一般,130.0,不調整,0,經綜合考量現行地段率尚屬合宜
52,東區,398,長榮路三段 巷全部,巷全部,現有路段,住宅區,普通(多數屋齡介於10至30年間),極少(約10件以下),否,否,是,否,否,,否,,否,,否,,否,,否,,否,,否,,否,,否,,低,120.0,不調整,0,經綜合考量現行地段率尚屬合宜
53,東區,113,文東街-,全部(路含巷),現有路段,住宅區,偏老(多數屋齡30年以上),極少(約10件以下),否,否,否,否,否,,否,,否,,否,,否,,否,,否,,否,,否,,否,,極低,110.00000000000001,不調整,0,經綜合考量現行地段率尚屬合宜
54,東區,323,東榮街 全部（路含巷）,全部（路含巷）,現有路段,住商混合區,偏老(多數屋齡30年以上),偏少(介於11至50件),否,否,否,是,否,,否,,是,公園,否,,否,,否,,否,,否,,否,,否,,一般,130.0,不調整,0,經綜合考量現行地段率尚屬合宜
55,東區,760,崇元一街-,路全部,新編路段,新興開發區,尚未有房屋建築完成,剛重劃完成或仍開發中，未有建物交易資料,否,否,否,否,否,,否,,否,,否,,否,,否,,否,,否,,否,,否,,極低,130.0, , ,屬新興開發熱區，近市立醫院、崇明國中及國小，擬比照鄰近崇明路段增編地段率。
56,東區,315,東門路二段巷(裕農路-中華東路),#ERROR!,現有路段,住宅區,普通(多數屋齡介於10至30年間),偏少(介於11至50件),否,否,是,否,否,,否,,是,公園,否,,否,,否,,否,,否,,否,,否,,極低,110.0,不調整,0.0,經綜合考量現行地段率尚屬合宜
57,東區,321,東寧路西段 巷全部,巷全部,現有路段,住商混合區,普通(多數屋齡介於10至30年間),極少(約10件以下),否,否,否,否,否,,否,,否,,否,,否,,否,,否,,否,,否,,否,,低,120.0,不調整,0.0,經綜合考量現行地段率尚屬合宜
58,東區,555,崇信街,#ERROR!,現有路段,住宅區,普通(多數屋齡介於10至30年間),偏少(介於11至50件),否,否,否,否,否,,否,,否,,否,,否,,否,,否,,否,,否,,否,,極低,120.0,不調整,0.0,經綜合考量現行地段率尚屬合宜
59,東區,763,崇吉二街-,路全部,新編路段,新興開發區,尚未有房屋建築完成,剛重劃完成或仍開發中，未有建物交易資料,否,否,否,否,否,,否,,否,,否,,否,,否,,否,,否,,否,,否,,極低,130.0,,,屬新興開發熱區，近市立醫院、崇明國中及國小，擬比照鄰近崇明路段增編地段率。
60,東區,765,崇吉五街-,路全部,新編路段,新興開發區,尚未有房屋建築完成,剛重劃完成或仍開發中，未有建物交易資料,否,否,否,否,否,,否,,否,,否,,否,,否,,否,,否,,否,,否,,極低,130.0,不調整,0.0,屬新興開發熱區，近市立醫院、崇明國中及國小，擬比照鄰近崇明路段增編地段率。
61,東區,653,裕忠一-三街,#ERROR!,現有路段,住宅區,普通(多數屋齡介於10至30年間),極少(約10件以下),否,否,否,否,否,,否,,否,,否,,否,,否,,否,,否,,否,,否,,極低,120.0,不調整,0.0,經綜合考量現行地段率尚屬合宜
62,東區,314,東門路二段 巷（起點-裕農路）,巷（起點-裕農路）,現有路段,住商混合區,普通(多數屋齡介於10至30年間),極少(約10件以下),否,否,否,否,否,,否,,是,公園,否,,否,,否,,否,,否,,否,,否,,低,130.0,不調整,0.0,經綜合考量現行地段率尚屬合宜
63,東區,712,德東街-,#ERROR!,現有路段,住宅區,偏老(多數屋齡30年以上),普通(介於51至100件),否,否,否,是,否,,否,,是,公園,否,,否,,否,,否,,是,統一超商、全家,否,,否,,極低,110.0,不調整,0.0,經綜合考量現行地段率尚屬合宜
64,東區,161,北門路一段路全部,路全部,現有路段,住商混合區,普通(多數屋齡介於10至30年間),極少(約10件以下),是,否,是,是,否,,否,,否,,否,,否,,否,,否,,是,7-ELEVEN,是,合作金庫、彰化銀行,否,,高,170.0,不調整,0.0,經綜合考量現行地段率尚屬合宜
65,東區,648,裕農一-三街(巷全部),#ERROR!,現有路段,住宅區,普通(多數屋齡介於10至30年間),偏少(介於11至50件),否,否,否,否,否,,否,,否,,否,,否,,否,,否,,否,,否,,否,,極低,120.0,不調整,0.0,經綜合考量現行地段率尚屬合宜
66,東區,542,崇德路全部,#ERROR!,現有路段,住商混合區,普通(多數屋齡介於10至30年間),偏少(介於11至50件),否,否,否,是,否,,否,,是,公園,否,,否,,否,,是,崇德市場,否,,是,台新銀行,否,,高,140.0,不調整,0.0,經綜合考量現行地段率尚屬合宜
67,東區,542,崇德路-,#ERROR!,現有路段,商業繁榮區,偏老(多數屋齡30年以上),偏少(介於11至50件),是,是,是,是,否,,否,,是,公園,是,市立醫院,否,,否,,是,崇義市場,是,統一超商、全家、萊爾富,是,遠東商業銀行崇德分行、郵局,否,,高,140.0,不調整,0.0,經綜合考量現行地段率尚屬合宜
68,東區,559,崇賢一路-五路-,#ERROR!,現有路段,住宅區,較新(多數屋齡10年以內),熱絡(200件以上),否,否,否,否,否,,否,,否,,否,,否,,否,,否,,否,,否,,否,,極低,120.0,不調整,0.0,經綜合考量現行地段率尚屬合宜
69,東區,322,東和路 全部（路含巷）,全部（路含巷）,現有路段,住商混合區,普通(多數屋齡介於10至30年間),極少(約10件以下),否,否,否,否,否,,否,,是,公園,否,,否,,否,,否,,是, 7-ELEVEN,是,郵局,否,,一般,120.0,不調整,0.0,經綜合考量現行地段率尚屬合宜
70,東區,537,崇學路巷全部,#ERROR!,現有路段,住宅區,普通(多數屋齡介於10至30年間),偏少(介於11至50件),否,否,否,否,否,,是,小學,是,公園,否,,否,,否,,否,,否,,否,,否,,極低,125.0,不調整,0.0,經綜合考量現行地段率尚屬合宜
71,東區,310,東門路一段 路橋兩側,路橋兩側,現有路段,住商混合區,普通(多數屋齡介於10至30年間),極少(約10件以下),否,否,是,是,否,,否,,否,,否,,否,,否,,否,,否,,否,,否,,低,130.0,不調整,0.0,經綜合考量現行地段率尚屬合宜
72,東區,425,育樂街 巷全部,巷全部,現有路段,住商混合區,偏老(多數屋齡30年以上),偏少(介於11至50件),否,否,否,否,否,,是,中學及大專院校,否,,否,,否,,否,,否,,否,,否,,否,,高,130.0,不調整,0.0,經綜合考量現行地段率尚屬合宜
73,東區,317,東門路三段-,#ERROR!,現有路段,住宅區,偏老(多數屋齡30年以上),偏少(介於11至50件),否,否,否,否,否,,否,,否,,否,,否,,否,,否,,否,,否,,否,,極低,115.0,不調整,0.0,經綜合考量現行地段率尚屬合宜
74,東區,119,文化三街-,全部(路含巷),現有路段,住宅區,普通(多數屋齡介於10至30年間),極少(約10件以下),否,否,否,否,否,,否,,是,公園,否,,否,,否,,否,,否,,否,,否,,極低,120.0,不調整,0.0,經綜合考量現行地段率尚屬合宜
75,東區,756,平實路 全部（路含巷),全部（路含巷）,新編路段,住宅區,尚未有房屋建築完成,剛重劃完成或仍開發中，未有建物交易資料,否,否,否,是,否,,否,,是,公園,是,榮民醫院,否,,是,臺南紡織、國賓影城,否,,否,,否,,是,KTV、World Gym,低,140.0,不調整,0.0,此為新編路段，鄰近南紡購物中心、國賓影城商圈及大灣交流道，未來發展性良好，公告現值每平方公尺逾20萬元，擬按周邊路段地段率訂定。
76,東區,551,崇善十六街-,#ERROR!,現有路段,住宅區,普通(多數屋齡介於10至30年間),極少(約10件以下),否,否,否,否,否,,否,,否,,否,,否,,否,,否,,否,,否,,否,,極低,110.0,不調整,0.0,經綜合考量現行地段率尚屬合宜
77,東區,28,大學路西段巷全部,巷全部,現有路段,住宅區,普通(多數屋齡介於10至30年間),極少(約10件以下),否,否,否,是,否,,是,大專院校,否,,否,,否,,是,香格里拉,否,,是,7-ELEVEN,否,,否,,一般,130.0,不調整,0.0,經綜合考量現行地段率尚屬合宜
78,東區,123,仁和路-,"單號:起點-139巷 
雙號:起點-崇善東路",現有路段,住商混合區,偏老(多數屋齡30年以上),偏少(介於11至50件),否,否,否,是,否,,否,,否,,否,,否,,否,,否,,是,全家、全聯、統一超商,是,京城銀行中華分行,否,,一般,130.0,不調整,0.0,經綜合考量現行地段率尚屬合宜
79,東區,662,裕和三-五街全部(路含巷）,#ERROR!,現有路段,住宅區,普通(多數屋齡介於10至30年間),極少(約10件以下),否,否,否,否,否,,否,,是,公園,否,,否,,否,,否,,否,,否,,否,,極低,120.0,不調整,0.0,經綜合考量現行地段率尚屬合宜
80,東區,590,富農街二段(路全部),#ERROR!,現有路段,住商混合區,普通(多數屋齡介於10至30年間),極少(約10件以下),否,否,否,否,否,,否,,否,,否,,否,,否,,否,,否,,否,,否,,高,120.0,不調整,0.0,經綜合考量現行地段率尚屬合宜
81,東區,416,林森路二段 巷全部,巷全部,現有路段,住商混合區,偏老(多數屋齡30年以上),偏少(介於11至50件),否,否,否,否,否,,是,中學,否,,否,,否,,否,,是,崇誨市場,是,超商,是,銀行,否,,高,120.0,不調整,0.0,經綜合考量現行地段率尚屬合宜
82,東區,545,崇德二十六街-三十四街-,#ERROR!,現有路段,住宅區,偏老(多數屋齡30年以上),偏少(介於11至50件),否,否,否,否,否,,否,,否,,否,,否,,否,,否,,否,,否,,否,,極低,110.0,不調整,0.0,經綜合考量現行地段率尚屬合宜
83,東區,762,崇吉一街-,路全部,新編路段,新興開發區,尚未有房屋建築完成,剛重劃完成或仍開發中，未有建物交易資料,否,否,否,否,否,,否,,否,,否,,否,,否,,否,,否,,否,,否,,極低,130.0,不調整,0.0,屬新興開發熱區，近市立醫院、崇明國中及國小，擬比照鄰近崇明路段增編地段率。
84,東區,671,裕智街,#ERROR!,現有路段,住宅區,普通(多數屋齡介於10至30年間),極少(約10件以下),否,否,否,否,否,,否,,是,公園,否,,否,,否,,否,,否,,否,,否,,極低,120.0,不調整,0.0,經綜合考量現行地段率尚屬合宜
85,東區,57,中華東路三段-,巷全部,現有路段,住宅區,偏老(多數屋齡30年以上),極少(約10件以下),否,否,否,否,否,,否,,否,,否,,否,,否,,否,,否,,否,,否,,極低,120.0,不調整,0.0,經綜合考量現行地段率尚屬合宜
86,東區,303,利東街-,#ERROR!,現有路段,住宅區,普通(多數屋齡介於10至30年間),偏少(介於11至50件),否,否,否,否,否,,否,,否,,否,,否,,否,,否,,否,,否,,否,,極低,115.0,不調整,0.0,經綜合考量現行地段率尚屬合宜
87,東區,478,城東街-,#ERROR!,現有路段,住宅區,偏老(多數屋齡30年以上),偏少(介於11至50件),否,否,否,否,否,,否,,否,,否,,否,,否,,否,,否,,否,,否,,極低,115.0,不調整,0.0,經綜合考量現行地段率尚屬合宜
88,東區,153,民族路一段路全部,路全部,現有路段,住商混合區,普通(多數屋齡介於10至30年間),極少(約10件以下),否,否,否,否,否,,是,中學,否,,否,,否,,否,,否,,是,全家便利商店,否,,否,,一般,130.0,不調整,0.0,經綜合考量現行地段率尚屬合宜
89,東區,719,德信街-,#ERROR!,現有路段,住宅區,偏老(多數屋齡30年以上),極少(約10件以下),否,否,否,否,否,,否,,否,,否,,否,,否,,否,,否,,否,,否,,極低,115.0,不調整,0.0,經綜合考量現行地段率尚屬合宜
90,東區,751, 平實一~四街 全部,全部,新編路段,住宅區,尚未有房屋建築完成,剛重劃完成或仍開發中，未有建物交易資料,否,否,否,是,否,,否,,是,公園,是,榮民醫院,否,,是,臺南紡織、國賓影城    ,否,,否,,否,,是,KTV、World Gym,低,140.0,不調整,0.0,此為新編路段，鄰近南紡購物中心、國賓影城商圈及大灣交流道，未來發展性良好，公告現值每平方公尺逾20萬元，擬按周邊路段地段率訂定。
91,東區,536,崇學路,#ERROR!,現有路段,住商混合區,普通(多數屋齡介於10至30年間),偏少(介於11至50件),否,否,否,是,否,,是,小學,是,公園,是,臺南市東區區公所,否,,否,,否,,否,,是,玉山銀行,否,,一般,140.0,不調整,0.0,經綜合考量現行地段率尚屬合宜
92,東區,676,裕德一-六街,#ERROR!,現有路段,住宅區,較新(多數屋齡10年以內),極少(約10件以下),是,否,否,是,否,,否,,否,,否,,否,,否,,否,,否,,否,,否,,極低,120.0,不調整,0.0,經綜合考量現行地段率尚屬合宜
93,東區,414,林森路二段 路全部(崇誨國宅除外),路全部(崇誨國宅除外),現有路段,住商混合區,普通(多數屋齡介於10至30年間),偏少(介於11至50件),是,否,是,是,否,,是,中學及大專院校,否,,是,圖書館,否,,否,,否,,是,7-ELEVEN,是,華南商業銀行       京城商業銀行   ,否,,一般,140.0,不調整,0.0,經綜合考量現行地段率尚屬合宜
94,東區,588,富農街一段(路全部),#ERROR!,現有路段,住商混合區,普通(多數屋齡介於10至30年間),偏少(介於11至50件),否,否,否,否,否,,否,,否,,否,,否,,否,,否,,是,seven,否,,否,,高,120.0,不調整,0.0,經綜合考量現行地段率尚屬合宜
95,東區,761,崇元二街-,路全部,新編路段,新興開發區,尚未有房屋建築完成,剛重劃完成或仍開發中，未有建物交易資料,否,否,否,否,否,,否,,否,,否,,否,,否,,否,,否,,否,,否,,極低,130.0,不調整,0.0,屬新興開發熱區，近市立醫院、崇明國中及國小，擬比照鄰近崇明路段增編地段率。
96,東區,656,裕信路,#ERROR!,現有路段,住宅區,普通(多數屋齡介於10至30年間),普通(介於51至100件),是,否,否,是,否,,是,小學,是,公園,是,裕文圖書館,否,,否,,否,,是,seven,否,,否,,低,130.0,不調整,0.0,經綜合考量現行地段率尚屬合宜
97,東區,308,青年路 巷(北門路一段-勝利路),巷(北門路一段-勝利路),現有路段,住商混合區,普通(多數屋齡介於10至30年間),極少(約10件以下),否,否,否,否,否,,否,,是,公園,否,,否,,否,,否,,否,,否,,否,,低,130.0,不調整,0.0,經綜合考量現行地段率尚屬合宜
98,東區,663,裕平路全部(路含巷）,#ERROR!,現有路段,住宅區,普通(多數屋齡介於10至30年間),偏少(介於11至50件),否,否,否,是,否,,否,,否,,否,,否,,否,SEVEN,否,,否,,否,,否,,極低,130.0,不調整,0.0,經綜合考量現行地段率尚屬合宜
99,東區,309,東門路一段 路全部（路橋兩側除外）,路全部（路橋兩側除外）,現有路段,住商混合區,普通(多數屋齡介於10至30年間),偏少(介於11至50件),是,否,是,是,否,,否,,是,公園,否,,否,,否,,否,,是,7-ELEVEN,是,日盛銀行,否,,一般,140.0,不調整,0.0,經綜合考量現行地段率尚屬合宜
100,東區,162,北門路一段巷全部,巷全部,現有路段,住商混合區,普通(多數屋齡介於10至30年間),極少(約10件以下),否,否,是,否,否,,否,,否,,否,,否,,否,,否,,否,,否,,否,,低,130.0,不調整,0.0,經綜合考量現行地段率尚屬合宜
101,東區,645,裕農路 路全部,路全部,現有路段,住商混合區,偏老(多數屋齡30年以上),偏熱(介於101至200件),是,否,是,是,否,,是,中學,是,公園,否,,否,,否,,否,,否,,是,7-ELEVEN,否,,高,140.0,不調整,0.0,經綜合考量現行地段率尚屬合宜
102,東區,313,東門路二段(裕農路-中華東路),#ERROR!,現有路段,住商混合區,普通(多數屋齡介於10至30年間),極少(約10件以下),否,否,是,是,否,,否,,否,,否,,否,,否,,否,,是,seven,否,,否,,高,140.0,不調整,0.0,經綜合考量現行地段率尚屬合宜
103,東區,556,崇慶街一段-,#ERROR!,現有路段,住宅區,較新(多數屋齡10年以內),極少(約10件以下),是,是,否,否,否,,否,,否,,否,,否,,否,,否,,否,,否,,否,,極低,120.0,不調整,0.0,經綜合考量現行地段率尚屬合宜
104,東區,543,崇德路(巷全部),#ERROR!,現有路段,住宅區,普通(多數屋齡介於10至30年間),極少(約10件以下),否,否,否,否,否,,否,,否,,否,,否,,否,,否,,否,,否,,否,,極低,125.0,不調整,0.0,經綜合考量現行地段率尚屬合宜
105,東區,328,東興路 路全部,路全部,現有路段,住商混合區,偏老(多數屋齡30年以上),偏少(介於11至50件),否,否,是,是,否,,否,,是,公園,否,,否,,否,,否,,是,7-ELEVEN,是,渣打銀行東寧分行,否,,一般,120.0,不調整,0.0,經綜合考量現行地段率尚屬合宜
106,東區,317,東門路三段(巷全部),#ERROR!,現有路段,住宅區,普通(多數屋齡介於10至30年間),偏熱(介於101至200件),否,否,是,否,否,,否,,否,,否,,否,,否,,否,,否,,否,,否,,極低,115.0,不調整,0.0,經綜合考量現行地段率尚屬合宜
107,東區,332,東平路 路全部,路全部,現有路段,住商混合區,普通(多數屋齡介於10至30年間),偏少(介於11至50件),否,否,否,否,否,,是,中學,否,,否,,否,,是,國賓影城,否,,是, 7-ELEVEN,否,,否,,高,130.0,不調整,0.0,經綜合考量現行地段率尚屬合宜
108,東區,159,民族一街全部（路含巷),全部（路含巷),現有路段,住宅區,普通(多數屋齡介於10至30年間),極少(約10件以下),否,否,否,否,否,,是,中學,否,,否,,否,,否,,否,,否,,否,,否,,一般,130.0,不調整,0.0,經綜合考量現行地段率尚屬合宜
109,東區,396,長榮路二段 巷全部,巷全部,現有路段,住商混合區,普通(多數屋齡介於10至30年間),普通(介於51至100件),否,否,是,是,否,,是,中學,是,公園,否,,否,,否,,否,,否,,否,,否,,低,125.0,不調整,0.0,經綜合考量現行地段率尚屬合宜
110,東區,333,東平路 巷全部,巷全部,現有路段,住商混合區,普通(多數屋齡介於10至30年間),偏少(介於11至50件),否,否,否,否,否,,否,,否,,否,,否,,否,,否,,否,,否,,否,,極低,120.0,不調整,0.0,經綜合考量現行地段率尚屬合宜
111,東區,543,崇德路-,#ERROR!,現有路段,住宅區,偏老(多數屋齡30年以上),偏少(介於11至50件),否,否,否,否,否,,否,,否,,否,,否,,否,,否,,否,,否,,否,,極低,125.0,不調整,0.0,經綜合考量現行地段率尚屬合宜
112,東區,755,後甲三街 全部（路含巷),全部（路含巷）,新編路段,住宅區,尚未有房屋建築完成,剛重劃完成或仍開發中，未有建物交易資料,否,否,否,是,否,,否,,是,公園,是,榮民醫院,否,,是,臺南紡織、國賓影城,否,,否,,否,,是,KTV、World Gym,低,140.0,不調整,0.0,此為新編路段，鄰近南紡購物中心、國賓影城商圈及大灣交流道，未來發展性良好，公告現值每平方公尺逾20萬元，擬按周邊路段地段率訂定。
113,東區,665,裕文路全部(路含巷),#ERROR!,現有路段,住宅區,普通(多數屋齡介於10至30年間),偏少(介於11至50件),否,否,否,是,否,,是,中學,是,公園,是,裕文圖書館,否,,否,,是,虎尾寮公有零售市場,是,seven,否,,否,,一般,130.0,不調整,0.0,經綜合考量現行地段率尚屬合宜
114,東區,680,裕正街,#ERROR!,現有路段,住宅區,普通(多數屋齡介於10至30年間),極少(約10件以下),否,否,否,否,否,,否,,否,,否,,否,,否,,否,,否,,否,,否,,極低,120.0,不調整,0.0,經綜合考量現行地段率尚屬合宜
115,東區,319,東寧路 巷全部,巷全部,現有路段,住商混合區,普通(多數屋齡介於10至30年間),偏少(介於11至50件),否,否,否,否,否,,是,大專院校,是,公園,否,,否,,否,,否,,否,,否,,否,,高,120.0,不調整,0.0,經綜合考量現行地段率尚屬合宜
116,東區,541,崇明一街-二十四街,#ERROR!,現有路段,住宅區,普通(多數屋齡介於10至30年間),偏少(介於11至50件),否,否,否,否,否,,否,,否,,否,,否,,否,,否,,否,,否,,否,,低,125.0,不調整,0.0,經綜合考量現行地段率尚屬合宜
117,東區,677,裕永路 全部（路含巷),全部（路含巷),現有路段,住商混合區,普通(多數屋齡介於10至30年間),極少(約10件以下),是,否,否,否,否,,否,,是,公園,否,,否,,否,,否,,否,,否,,否,,低,130.0,不調整,0.0,經綜合考量現行地段率尚屬合宜
118,東區,664,裕平一街,#ERROR!,現有路段,住宅區,普通(多數屋齡介於10至30年間),極少(約10件以下),否,否,否,否,否,,否,,是,公園,否,,否,,否,,否,,否,,否,,否,,極低,120.0,不調整,0.0,經綜合考量現行地段率尚屬合宜
119,東區,654,裕孝路,#ERROR!,現有路段,住宅區,普通(多數屋齡介於10至30年間),普通(介於51至100件),是,否,否,否,否,,否,,是,公園,是,關聖里活動中心、消防局後甲分隊、府東派出所,否,,否,,否,,否,,否,,否,,極低,130.0,不調整,0.0,經綜合考量現行地段率尚屬合宜
120,東區,673,裕華一-三街,#ERROR!,現有路段,住宅區,普通(多數屋齡介於10至30年間),極少(約10件以下),否,否,否,否,否,,否,,是,公園,否,,否,,否,,否,,否,,否,,否,,極低,120.0,不調整,0.0,經綜合考量現行地段率尚屬合宜
121,東區,125,仁和路-,巷全部,現有路段,住宅區,偏老(多數屋齡30年以上),偏少(介於11至50件),否,否,否,否,否,,否,,否,,否,,否,,否,,否,,否,,否,,否,,極低,114.99999999999999,不調整,0.0,經綜合考量現行地段率尚屬合宜
122,東區,547,崇善路-,#ERROR!,現有路段,住商混合區,普通(多數屋齡介於10至30年間),偏少(介於11至50件),是,是,否,是,否,,是,小學及中學,是,公園,否,,否,,否,,否,,是,統一超商、全家、全聯,否,,是,CASAFIT健築師體適能、進化運動空間,低,125.0,不調整,0.0,經綜合考量現行地段率尚屬合宜
123,東區,312,東門路二段 起點-裕農路,起點-裕農路,現有路段,住商混合區,普通(多數屋齡介於10至30年間),極少(約10件以下),否,否,否,否,否,,否,,否,,是,衛生局,否,,否,,否,,是,7-ELEVEN,是,銀行、郵局,否,,高,145.0,不調整,0.0,經綜合考量現行地段率尚屬合宜
124,東區,8,大同路二段,路全部,現有路段,住宅區,老舊(多數屋齡已達50年以上),偏少(介於11至50件),是,是,是,是,否,,是,小學及中學,是,,是,衛生福利部疾病管制署南區管制中心,否,,是,亞伯大飯店,否,,是,統一超商,否,,否,,一般,140.0,不調整,0.0,經綜合考量現行地段率尚屬合宜
125,東區,548,崇善路-,#ERROR!,現有路段,住宅區,普通(多數屋齡介於10至30年間),極少(約10件以下),否,否,否,否,否,,否,,否,,否,,否,,否,,否,,是,,否,,否,,極低,125.0,不調整,0.0,經綜合考量現行地段率尚屬合宜
126,東區,118,文化二街-,全部(路含巷),現有路段,住宅區,普通(多數屋齡介於10至30年間),極少(約10件以下),否,否,否,否,否,,否,,是,公園,否,,是,變電所,否,,否,,否,,否,,否,,極低,120.0,不調整,0.0,經綜合考量現行地段率尚屬合宜
127,東區,703,衛民街 路全部,路全部,現有路段,住商混合區,普通(多數屋齡介於10至30年間),極少(約10件以下),否,否,否,否,否,,否,,是,廣場,否,,否,,否,,否,,否,,否,,否,,一般,140.0,不調整,0.0,經綜合考量現行地段率尚屬合宜
128,東區,659,裕和路(全部路含巷),#ERROR!,現有路段,住宅區,普通(多數屋齡介於10至30年間),極少(約10件以下),否,否,否,是,否,,否,,是,公園,否,,否,,否,,否,,否,,否,,否,,極低,130.0,不調整,0.0,經綜合考量現行地段率尚屬合宜
129,東區,335,東智街-,#ERROR!,現有路段,住宅區,普通(多數屋齡介於10至30年間),極少(約10件以下),否,否,否,否,否,,否,,否,,否,,否,,否,,否,,否,,否,,否,,極低,110.0,不調整,0.0,經綜合考量現行地段率尚屬合宜
130,東區,403,長東街-,#ERROR!,現有路段,住宅區,偏老(多數屋齡30年以上),偏少(介於11至50件),是,是,否,否,否,,否,,是,公園,否,,否,,否,,否,,是,全家,否,,否,,極低,110.0,不調整,0.0,經綜合考量現行地段率尚屬合宜
131,東區,581,勝利路 東寧路-大學路,東寧路-大學路,現有路段,住商混合區,普通(多數屋齡介於10至30年間),偏少(介於11至50件),否,否,是,是,否,,是,中學及大專院校,是,公園,否,,否,,否,,否,,是,7-ELEVEN,否,,否,,高,160.0,不調整,0.0,經綜合考量現行地段率尚屬合宜
132,東區,449,怡東路 巷全部,巷全部,現有路段,住宅區,普通(多數屋齡介於10至30年間),偏少(介於11至50件),否,否,否,否,否,,否,,否,,否,,否,,否,,否,,否,  ,否,,否,,一般,115.0,不調整,0.0,經綜合考量現行地段率尚屬合宜
133,東區,117,文化一街-,全部(路含巷),現有路段,住宅區,普通(多數屋齡介於10至30年間),極少(約10件以下),否,否,否,否,否,,否,,是,公園,否,,否,,否,,否,,否,,否,,否,,極低,120.0,不調整,0.0,經綜合考量現行地段率尚屬合宜
134,東區,327,東安路 巷全部,巷全部,現有路段,住商混合區,偏老(多數屋齡30年以上),偏少(介於11至50件),否,否,否,否,否,,是,中學,是,公園,否,,否,,否,,否,,否,,否,,否,,低,120.0,不調整,0.0,經綜合考量現行地段率尚屬合宜
135,東區,689,瑞東街-,#ERROR!,現有路段,住宅區,較新(多數屋齡10年以內),極少(約10件以下),否,否,否,否,否,,否,,否,,否,,否,,否,,否,,否,,否,,否,,極低,110.0,不調整,0.0,經綜合考量現行地段率尚屬合宜
136,東區,550,崇善十四街-十五街-,#ERROR!,現有路段,住宅區,普通(多數屋齡介於10至30年間),偏少(介於11至50件),否,否,否,否,否,,否,,否,,否,,否,,否,,否,,否,,否,,否,,極低,110.0,不調整,0.0,經綜合考量現行地段率尚屬合宜
137,東區,448,怡東路 路全部,路全部,現有路段,住商混合區,普通(多數屋齡介於10至30年間),極少(約10件以下),否,否,否,是,否,,否,,否,,否,,否,,否,,否,,是,7-ELEVEN,是,郵局,否,,一般,120.0,不調整,0.0,經綜合考量現行地段率尚屬合宜
138,東區,647,裕農一-三街(路全部),#ERROR!,現有路段,住宅區,普通(多數屋齡介於10至30年間),極少(約10件以下),否,否,否,否,否,,否,,是,公園,否,,否,,否,,是,虎尾寮公有零售市場,是,seven,否,,否,,一般,130.0,不調整,0.0,經綜合考量現行地段率尚屬合宜
139,東區,675,裕德街,#ERROR!,改編路段,住宅區,普通(多數屋齡介於10至30年間),極少(約10件以下),是,否,否,否,是,旁邊為國道一號,否,,否,,否,,是,虎尾寮水資源回收中心,否,,否,,否,,否,,否,,極低,120.0,不調整,0.0,"配合道路更名,更新路段名稱"
140,東區,678,裕永一街 全部（路含巷),全部（路含巷),現有路段,住宅區,普通(多數屋齡介於10至30年間),極少(約10件以下),否,否,否,否,否,,否,,是,公園,否,,否,,否,,否,,否,,否,,否,,低,120.0,不調整,0.0,經綜合考量現行地段率尚屬合宜
141,東區,282,自由路三段(巷全部),#ERROR!,現有路段,住宅區,普通(多數屋齡介於10至30年間),極少(約10件以下),否,否,否,否,否,,否,,否,,否,,否,,否,,否,,否,,否,,否,,極低,110.0,不調整,0.0,經綜合考量現行地段率尚屬合宜
142,東區,754,後甲一~二路 全部（路含巷),全部（路含巷）,新編路段,住宅區,尚未有房屋建築完成,剛重劃完成或仍開發中，未有建物交易資料,否,否,否,是,否,,否,,是,公園,是,榮民醫院,否,,是,臺南紡織、國賓影城,否,,否,,否,,是,KTV、World Gym,低,140.0,不調整,0.0,此為新編路段，鄰近南紡購物中心、國賓影城商圈及大灣交流道，未來發展性良好，公告現值每平方公尺逾20萬元，擬按周邊路段地段率訂定。
143,東區,544,崇德一街-二十五街-,#ERROR!,現有路段,住宅區,偏老(多數屋齡30年以上),偏少(介於11至50件),否,否,否,否,否,,否,,否,,否,,否,,否,,否,,否,,否,,否,,極低,125.0,不調整,0.0,經綜合考量現行地段率尚屬合宜
144,東區,699,衛國街 號-號 、號-號, 1號-47號 、2號-104號,現有路段,住宅區,尚未有房屋建築完成,極少(約10件以下),否,否,否,否,否,,是,中學,是,公園,否,,否,,否,,否,,否,,否,,否,,低,130.0,不調整,0.0,經綜合考量現行地段率尚屬合宜
145,東區,764,崇吉三街-,路全部,新編路段,新興開發區,尚未有房屋建築完成,剛重劃完成或仍開發中，未有建物交易資料,否,否,否,否,否,,否,,否,,否,,否,,否,,否,,否,,否,,否,,極低,130.0,不調整,0.0,經屬新興開發熱區，近市立醫院、崇明國中及國小，擬比照鄰近崇明路段增編地段率。
146,東區,224,生產路-,全部（路含巷）,現有路段,住商混合區,偏老(多數屋齡30年以上),偏少(介於11至50件),是,是,否,否,是,市11-1鄉道,否,,是,徒步區,是,警察局,否,,否,,否,,是,統一超商、北海道生鮮超市,否,,否,,低,120.0,不調整,0.0,經綜合考量現行地段率尚屬合宜
147,東區,657,裕信一-六街,#ERROR!,現有路段,住宅區,普通(多數屋齡介於10至30年間),偏少(介於11至50件),否,否,否,否,否,,是,小學,是,公園,是,裕聖里活動中心 、裕文圖書館,否,,否,,否,,否,,否,,否,,極低,120.0,不調整,0.0,經綜合考量現行地段率尚屬合宜
148,東區,116,文化路-,全部(路含巷),現有路段,住宅區,普通(多數屋齡介於10至30年間),偏少(介於11至50件),否,否,是,否,否,,否,,是,公園,否,,否,,否,,否,,否,,否,,否,,極低,125.0,不調整,0.0,經綜合考量現行地段率尚屬合宜
149,東區,415,林森路二段 崇誨國宅,崇誨國宅,現有路段,住商混合區,偏老(多數屋齡30年以上),偏少(介於11至50件),否,否,否,否,否,,否,,是,公園,否,,否,,否,,是,崇誨市場,是,超商,否,,否,,一般,120.0,不調整,0.0,經綜合考量現行地段率尚屬合宜
150,東區,583,勝利路 巷：東門城-東豐路,巷：東門城-東豐路,現有路段,住宅區,偏老(多數屋齡30年以上),極少(約10件以下),否,否,否,否,否,,是,皆有,否,,否,,否,,否,,否,,否,,否,,否,,低,120.0,不調整,0.0,經綜合考量現行地段率尚屬合宜
151,東區,469,信東街-,#ERROR!,現有路段,住宅區,普通(多數屋齡介於10至30年間),極少(約10件以下),否,否,否,否,否,,否,,否,,否,,否,,否,,否,,否,,否,,否,,極低,110.0,不調整,0.0,經綜合考量現行地段率尚屬合宜
152,東區,580,勝利路 青年路-東寧路,青年路-東寧路,現有路段,住商混合區,偏老(多數屋齡30年以上),偏少(介於11至50件),否,否,是,是,否,,是,中學及大專院校,是,公園,否,,否,,否,,否,,否,,否,,否,,高,150.0,不調整,0.0,經綜合考量現行地段率尚屬合宜
153,東區,334,東成街全部(路含巷),#ERROR!,現有路段,住宅區,普通(多數屋齡介於10至30年間),極少(約10件以下),否,否,否,否,否,,否,,是,公園,否,,否,,否,,否,,否,,否,,否,,極低,110.0,不調整,0.0,經綜合考量現行地段率尚屬合宜
154,東區,589,富農街一段(巷全部),#ERROR!,現有路段,住宅區,普通(多數屋齡介於10至30年間),偏熱(介於101至200件),否,否,否,否,否,,否,,是,公園,否,,否,,否,,否,,否,,否,,否,,極低,110.0,不調整,0.0,經綜合考量現行地段率尚屬合宜
155,東區,759,崇正路-,路全部,新編路段,新興開發區,尚未有房屋建築完成,剛重劃完成或仍開發中，未有建物交易資料,否,否,否,否,否,,否,,否,,否,,否,,否,,否,,否,,否,,否,,極低,130.0,,,屬新興開發熱區，近市立醫院、崇明國中及國小，擬比照鄰近崇明路段增編地段率。
156,東區,593,富強二街,#ERROR!,現有路段,住宅區,普通(多數屋齡介於10至30年間),極少(約10件以下),否,否,否,否,否,,否,,否,,否,,否,,否,,否,,否,,否,,否,,低,110.0,不調整,0.0,經綜合考量現行地段率尚屬合宜
157,東區,702,衛國街 巷（除各巷號-號）（號-號）, 巷（除各巷1號-47號）（2號-106號）,現有路段,住宅區,尚未有房屋建築完成,偏少(介於11至50件),否,否,否,否,否,,是,中學,是,公園,否,,否,,否,,否,,否,,否,,否,,低,110.0,不調整,0.0,經綜合考量現行地段率尚屬合宜
158,東區,279,自由路二段-,#ERROR!,現有路段,住商混合區,普通(多數屋齡介於10至30年間),偏少(介於11至50件),否,否,是,是,否,,否,,否,,否,,否,,否,,否,,是,統一超商,否,,否,,低,130.0,不調整,0.0,經綜合考量現行地段率尚屬合宜
159,東區,535,崇道路-,#ERROR!,現有路段,住商混合區,偏老(多數屋齡30年以上),偏少(介於11至50件),否,否,否,否,否,,否,,否,,否,,否,,否,,否,,是,全聯,否,,否,,一般,130.0,不調整,0.0,經綜合考量現行地段率尚屬合宜
160,東區,318,東寧路 路全部,路全部,現有路段,住商混合區,普通(多數屋齡介於10至30年間),普通(介於51至100件),否,否,是,是,否,,是,中學及大專院校,是,公園,否,,否,,是,臺南紡織,否,,是,7-ELEVEN,是,台北富邦銀行       陽信銀行,否,,高,160.0,不調整,0.0,經綜合考量現行地段率尚屬合宜
161,東區,649,裕農四-六街 全部（路含巷),全部（路含巷),現有路段,住商混合區,普通(多數屋齡介於10至30年間),極少(約10件以下),否,否,否,否,否,,否,,否,,否,,否,,否,,否,,否,,否,,否,,低,120.0,不調整,0.0,經綜合考量現行地段率尚屬合宜
162,東區,316,東門路三段-,#ERROR!,現有路段,住商混合區,偏老(多數屋齡30年以上),偏少(介於11至50件),是,是,是,是,是,182縣道,否,,否,,否,,否,,否,,否,,是,全家、統一超商,是,土地銀行、中國信託、第一銀行,否,,一般,130.0,不調整,0.0,經綜合考量現行地段率尚屬合宜
163,東區,646,裕農路 巷全部,巷全部,現有路段,住宅區,偏老(多數屋齡30年以上),偏少(介於11至50件),否,否,否,否,否,,否,,否,,否,,否,,否,,否,,否,,否,,否,,低,110.0,不調整,0.0,經綜合考量現行地段率尚屬合宜
164,東區,330,東光路一段 全部（路含巷),全部（路含巷),現有路段,住商混合區,普通(多數屋齡介於10至30年間),極少(約10件以下),否,否,否,是,否,,是,小學,是,公園,否,,否,,是,臺南紡織,是,後甲黃昏市場,否,,否,,否,,一般,120.0,不調整,0.0,經綜合考量現行地段率尚屬合宜
165,東區,652,裕忠路,#ERROR!,現有路段,住宅區,普通(多數屋齡介於10至30年間),偏少(介於11至50件),是,否,否,是,否,,否,,是,公園,是,復興里活動中心,否,,否,,否,,是,全聯,否,,否,,極低,130.0,不調整,0.0,經綜合考量現行地段率尚屬合宜
166,東區,11,大同路二段-,巷:中華南路-末點,現有路段,住宅區,偏老(多數屋齡30年以上),偏少(介於11至50件),否,否,否,否,否,,否,,否,,否,,否,,否,,否,,否,,否,,否,,極低,110.00000000000001,不調整,0.0,經綜合考量現行地段率尚屬合宜
167,東區,564,莊敬路 巷全部,巷全部,現有路段,住宅區,普通(多數屋齡介於10至30年間),偏少(介於11至50件),否,否,否,否,否,,否,,否,,否,,否,,是,國賓影城,否,,否,,否,,否,,一般,115.0,不調整,0.0,經綜合考量現行地段率尚屬合宜
168,東區,655,裕孝一-三街,#ERROR!,現有路段,住宅區,普通(多數屋齡介於10至30年間),偏少(介於11至50件),否,否,否,否,否,,否,,是,公園,否,,否,,否,,否,,否,,否,,否,,極低,120.0,不調整,0.0,經綜合考量現行地段率尚屬合宜
169,東區,54,中華東路三段-,起點至399巷（單號）,現有路段,商業繁榮區,偏老(多數屋齡30年以上),極少(約10件以下),是,是,是,是,是,台1線,是,小學及中學,是,公園,是,臺南市立臺南文化中心,否,,是,德安百貨,否,,是,統一超商、寶雅,否,,是,健身工坊、伊荳足體養生館,高,150.0,不調整,0.0,經綜合考量現行地段率尚屬合宜
170,東區,424,育樂街 路全部,路全部,現有路段,住商混合區,偏老(多數屋齡30年以上),偏少(介於11至50件),否,否,否,否,否,,是,中學及大專院校,是,公園,否,,否,,是,香格里拉,否,,是,全家便利商店       7-ELEVEN,否,,否,,高,140.0,不調整,0.0,經綜合考量現行地段率尚屬合宜
171,東區,553,崇善東路-,#ERROR!,現有路段,住宅區,偏老(多數屋齡30年以上),極少(約10件以下),否,否,否,否,否,,否,,否,,否,,否,,否,,否,,否,,否,,否,,極低,115.0,不調整,0.0,經綜合考量現行地段率尚屬合宜
172,東區,711,德高街-,#ERROR!,現有路段,住宅區,老舊(多數屋齡已達50年以上),極少(約10件以下),否,否,否,否,否,,否,,否,,否,,否,,否,,否,,否,,否,,否,,極低,115.0,不調整,0.0,經綜合考量現行地段率尚屬合宜
173,東區,660,裕和一街全部(路含巷）,#ERROR!,現有路段,住宅區,普通(多數屋齡介於10至30年間),極少(約10件以下),否,否,否,否,否,,否,,否,,否,,否,,否,,否,,否,,否,,否,,極低,125.0,不調整,0.0,經綜合考量現行地段率尚屬合宜
174,東區,718,德祥街-,#ERROR!,現有路段,住宅區,偏老(多數屋齡30年以上),極少(約10件以下),否,否,否,否,否,,否,,否,,否,,否,,否,,否,,否,,否,,否,,極低,115.0,不調整,0.0,經綜合考量現行地段率尚屬合宜
175,東區,331,東光路二段 全部（路含巷),全部（路含巷),現有路段,住商混合區,普通(多數屋齡介於10至30年間),偏少(介於11至50件),否,否,否,是,否,,是,小學,是,公園,否,,否,,否,,否,,否,,否,,否,,一般,120.0,不調整,0.0,經綜合考量現行地段率尚屬合宜
176,東區,26,大學路巷全部,巷全部,現有路段,住商混合區,普通(多數屋齡介於10至30年間),極少(約10件以下),否,否,否,否,否,,是,大專院校,否,,否,,否,,是,九乘九,否,,否,,否,,否,,一般,125.0,不調整,0.0,經綜合考量現行地段率尚屬合宜
177,東區,666,裕文一街,#ERROR!,現有路段,住宅區,普通(多數屋齡介於10至30年間),極少(約10件以下),否,否,否,否,否,,是,小學,是,公園,否,,否,,否,,否,,否,,否,,否,,極低,120.0,不調整,0.0,經綜合考量現行地段率尚屬合宜
178,東區,672,裕強街,#ERROR!,現有路段,住宅區,尚未有房屋建築完成,,否,否,否,否,否,,否,,是,公園,否,,否,,否,,是,虎尾寮公有零售市場,否,,否,,否,,極低,120.0,不調整,0.0,經綜合考量現行地段率尚屬合宜
179,東區,608,凱旋路 全部（路含巷）,全部（路含巷）,現有路段,住商混合區,偏老(多數屋齡30年以上),極少(約10件以下),否,否,否,否,否,,是,中學,否,,否,,否,,是,臺南紡織,否,,否,,否,,否,,一般,120.0,不調整,0.0,經綜合考量現行地段率尚屬合宜
180,東區,674,裕東一-二街,#ERROR!,現有路段,住宅區,普通(多數屋齡介於10至30年間),極少(約10件以下),否,否,否,否,否,,否,,否,,否,,否,,否,,否,,否,,否,,否,,極低,120.0,不調整,0.0,經綜合考量現行地段率尚屬合宜
181,東區,579,勝利路 東門城-青年路,東門城-青年路,現有路段,住商混合區,偏老(多數屋齡30年以上),偏少(介於11至50件),否,否,是,是,否,,是,小學及中學,是,公園,否,,否,,否,,否,,是,7-ELEVEN,是,合作金庫銀行,否,,一般,140.0,不調整,0.0,經綜合考量現行地段率尚屬合宜
182,東區,757,瑞祥街 全部（路含巷),全部（路含巷）,新編路段,住宅區,尚未有房屋建築完成,剛重劃完成或仍開發中，未有建物交易資料,否,否,否,是,否,,否,,是,公園,是,榮民醫院,否,,是,臺南紡織、國賓影城,否,,否,,否,,是,KTV、World Gym,低,140.0,,0.0,此為新編路段，鄰近南紡購物中心、國賓影城商圈及大灣交流道，未來發展性良好，擬按周邊路段地段率訂定。
183,東區,717,德昌二街-,#ERROR!,現有路段,住宅區,較新(多數屋齡10年以內),極少(約10件以下),否,否,否,否,否,,否,,否,,否,,否,,否,,否,,否,,否,,否,,極低,115.0,不調整,0.0,經綜合考量現行地段率尚屬合宜
184,東區,124,仁和路-,單號:139巷-終點 雙號:崇善東路-終點,現有路段,住商混合區,偏老(多數屋齡30年以上),極少(約10件以下),否,否,否,否,否,,否,,否,,否,,否,,否,,否,,是,大統生鮮超市,否,,是,杉東運動工作室,低,120.0,不調整,0.0,經綜合考量現行地段率尚屬合宜
185,東區,758,瑞吉街 全部（路含巷),全部（路含巷）,新編路段,住宅區,尚未有房屋建築完成,剛重劃完成或仍開發中，未有建物交易資料,否,否,否,是,否,,否,,是,公園,是,榮民醫院,否,,是,臺南紡織、國賓影城,否,,否,,否,,是,KTV、World Gym,低,140.0,,0.0,此為新編路段，鄰近南紡購物中心、國賓影城商圈及大灣交流道，未來發展性良好，擬按周邊路段地段率訂定。
186,東區,682,裕英街,#ERROR!,現有路段,住宅區,普通(多數屋齡介於10至30年間),極少(約10件以下),否,否,否,否,否,,否,,是,公園,是,關聖里活動中心,否,,否,,否,,否,,否,,否,,極低,120.0,不調整,0.0,經綜合考量現行地段率尚屬合宜
187,東區,668,裕敬一-五街,#ERROR!,現有路段,住宅區,普通(多數屋齡介於10至30年間),極少(約10件以下),否,否,否,否,否,,否,,是,公園,否,,否,,否,,否,,否,,否,,否,,極低,120.0,不調整,0.0,經綜合考量現行地段率尚屬合宜
188,東區,667,裕敬路,#ERROR!,現有路段,住宅區,普通(多數屋齡介於10至30年間),極少(約10件以下),否,否,否,是,否,,否,,否,,否,,否,,否,,否,,是,seven,否,,否,,極低,130.0,不調整,0.0,經綜合考量現行地段率尚屬合宜
189,東區,163,北門路二段(火車站-開元路),火車站-開元路,現有路段,住商混合區,普通(多數屋齡介於10至30年間),極少(約10件以下),是,否,是,是,否,,否,,是,公園,否,,否,,否,,否,,否,7-ELEVEN,否,,否,,一般,140.0,不調整,0.0,經綜合考量現行地段率尚屬合宜
190,南區,691,福吉三街,全部（路含巷）,現有路段,住宅區,偏老(多數屋齡30年以上),,否,否,否,否,否,,否,,是,公園,否,,否,,否,,否,,否,,否,,否,,極低,130.0,,,
191,南區,771,鹽館街,全部(路含巷),新編路段,住宅區,較新(多數屋齡10年以內),極少(約10件以下),否,否,否,否,否,,否,,否,,否,,否,,否,,否,,否,,否,,否,,極低,120.0,不調整,0.0,本路段屬新設道路，位於塩埕圖書館與新和東路交接，擬按新和東路地段率(120)編訂。
192,南區,19,明興路(巷),#ERROR!,現有路段,住宅區,偏老(多數屋齡30年以上),普通(介於51至100件),否,否,否,否,否,,否,,否,,否,,否,,否,,否,,否,,否,,否,,低,110.0,不調整,0.0,經綜合考量現行地段率尚屬合宜
193,南區,18,明興路,#ERROR!,現有路段,住商混合區,偏老(多數屋齡30年以上),偏少(介於11至50件),否,否,是,是,否,,否,,是,廣場,是,政府機關,否,,否,,否,,是,7-11超商,是,農會,否,,一般,120.0,不調整,0.0,經綜合考量現行地段率尚屬合宜
194,南區,691,福吉二街,全部（路含巷）,現有路段,住宅區,偏老(多數屋齡30年以上),,否,否,否,否,否,,否,,是,公園,否,,否,,否,,否,,否,,否,,否,,極低,130.0,,,
195,南區,5,永興一-四街,#ERROR!,現有路段,住宅區,偏老(多數屋齡30年以上),偏少(介於11至50件),否,否,否,否,否,,否,,是,公園,否,,否,,否,,是,傳統市場,否,,否,,否,,低,110.0,不調整,0.0,經綜合考量現行地段率尚屬合宜
196,南區,7,永仁街,#ERROR!,現有路段,住宅區,偏老(多數屋齡30年以上),極少(約10件以下),否,否,否,否,否,,否,,否,,否,,否,,否,,否,,否,,否,,否,,極低,110.0,不調整,0.0,經綜合考量現行地段率尚屬合宜
197,南區,2,中華南路一段,#ERROR!,現有路段,住商混合區,偏老(多數屋齡30年以上),偏少(介於11至50件),否,否,是,是,否,,否,,否,,否,,是,公墓,否,,否,,否,,否,,否,,低,110.0,105,-5.0,本路段經過殯儀館及公墓群，惟現行地段率與鄰近中華南路二段相等，故擬小幅調降
198,東區,10,大同路二段巷起點-中華南路,巷:起點-中華南路,現有路段,住商混合區,普通(多數屋齡介於10至30年間),偏少(介於11至50件),否,否,否,否,否,  ,否,   ,是,大林公園,是,體育公園,否,  ,否,  ,否,  ,是,超商,否,,否,  ,低,,,,
199,南區,23,省躬橫街,#ERROR!,現有路段,住宅區,偏老(多數屋齡30年以上),極少(約10件以下),否,否,否,否,否,,是,小學,是,公園,否,,否,,否,,否,,否,,否,,否,,極低,100.0,不調整,0.0,經綜合考量現行地段率尚屬合宜
200,南區,89,公英一街-七街,#ERROR!,現有路段,住商混合區,偏老(多數屋齡30年以上),偏少(介於11至50件),否,否,否,否,否,,否,,否,,否,,否,,否,,否,,否,,否,,否,,極低,110.0,不調整,0.0,經綜合考量現行地段率尚屬合宜
201,南區,21,省躬二街,#ERROR!,現有路段,住宅區,偏老(多數屋齡30年以上),極少(約10件以下),否,否,否,否,否,,否,,是,公園,否,,否,,否,,否,,否,,否,,否,,低,100.0,不調整,0.0,經綜合考量現行地段率尚屬合宜
202,南區,189,永華路一段,巷全部,現有路段,住宅區,偏老(多數屋齡30年以上),,否,否,否,否,否,,否,,是,公園,否,,否,,否,,否,,否,,否,,否,,極低,130.0,,,
203,南區,1102,檢核表xlsx,全部（路含巷）,改編路段,住宅區,普通(多數屋齡介於10至30年間),極少(約10件以下),否,否,否,否,否,,否,,否,,是,鹽埕圖書館、出張所,否,,否,,否,,否,,否,,否,,極低,,,,
204,南區,20,省躬一街,#ERROR!,現有路段,住宅區,偏老(多數屋齡30年以上),極少(約10件以下),否,否,否,否,否,,是,小學,是,公園,否,,否,,否,,否,,否,,否,,否,,低,100.0,不調整,0.0,經綜合考量現行地段率尚屬合宜
205,東區,6,大同路一段,行政院衛生署胸腔病院-健康路,現有路段,住商混合區,普通(多數屋齡介於10至30年間),極少(約10件以下),是,否,是,是,否,  ,否,   ,否,,否,  ,否,  ,否,  ,否,  ,否,  ,是,銀行,否,  ,高,140.0,不調整,0.0,經綜合考量現行地段率尚屬合宜
206,南區,22,省躬三街,#ERROR!,現有路段,住宅區,偏老(多數屋齡30年以上),極少(約10件以下),否,否,否,否,否,,否,,否,,否,,否,,否,,否,,否,,否,,否,,低,100.0,不調整,0.0,經綜合考量現行地段率尚屬合宜
207,南區,35,濱南路,#ERROR!,現有路段,住商混合區,偏老(多數屋齡30年以上),極少(約10件以下),否,否,是,是,是,86快速道路交流道,否,,是,公園,否,,否,,否,,否,,是,7-11超商,否,,否,,低,110.0,不調整,0.0,經綜合考量現行地段率尚屬合宜
208,南區,30,大林路巷全部,巷全部,現有路段,住宅區,普通(多數屋齡介於10至30年間),偏少(介於11至50件),否,否,否,否,否,  ,否,   ,是,公園,否,  ,否,  ,否,  ,否,  ,否,  ,否,  ,否,  ,低,,,,
209,南區,9,永成路二段,#ERROR!,現有路段,其他，請說明：,較新(多數屋齡10年以內),偏少(介於11至50件),否,否,是,否,否,,否,,否,,否,,否,,否,,否,,否,,否,,否,,低,120.0,不調整,0.0,經綜合考量現行地段率尚屬合宜
210,南區,30,新都路,西門路至末端,改編路段,住商混合區,偏老(多數屋齡30年以上),偏少(介於11至50件),否,否,否,否,否,,否,,是,公園,否,,否,,否,,否,,是,7-11超商,否,,否,,一般,110.0,不調整,0.0,本路段近南山公墓群及其他殯葬設施，與新都路末端路段相較，繁榮及發展程度明顯有別，故擬將新都路拆分為「南門路至西門路」及「西門路至末端」並調降前段地段率，以資區隔。
211,南區,691,福吉五街,全部（路含巷）,現有路段,住宅區,偏老(多數屋齡30年以上),,否,否,否,否,否,,否,,是,公園,否,,否,,否,,否,,否,,否,,否,,低,130.0,,,
212,南區,38,塩埕路,#ERROR!,現有路段,住商混合區,偏老(多數屋齡30年以上),偏少(介於11至50件),否,否,否,否,否,,否,,是,公園,否,,否,,否,,是,傳統市場,否,,否,,否,,一般,120.0,不調整,0.0,經綜合考量現行地段率尚屬合宜
213,南區,846,南和路,全部(路含巷),現有路段,住宅區,偏老(多數屋齡30年以上),極少(約10件以下),否,否,否,否,否,,否,,否,,是,衛生所,否,,否,,否,,否,,否,,否,,低,110.0,不調整,0.0,經綜合考量現行地段率尚屬合宜。
214,南區,16,利南街,#ERROR!,現有路段,住商混合區,偏老(多數屋齡30年以上),極少(約10件以下),否,否,否,否,否,,是,小學,是,公園,否,,否,,否,,是,黃昏市場,否,,否,,否,,一般,120.0,不調整,0.0,經綜合考量現行地段率尚屬合宜
215,東區,9,大同路二段榮譽街口陸橋兩側xlsx,榮譽街口陸橋兩側,現有路段,住商混合區,偏老(多數屋齡30年以上),極少(約10件以下),否,否,是,否,否,  ,否,   ,否,,否,  ,否,  ,否,  ,否,  ,否,  ,是,郵局,否,  ,一般,,,,
216,南區,413,國民路全部(路含巷),全部（路含巷）,現有路段,住商混合區,普通(多數屋齡介於10至30年間),極少(約10件以下),否,否,是,否,否,  ,否,,否,,否,,是,  殯葬設施,否,  ,否,  ,是, 超商   ,否,  ,否,  ,一般,,,,
217,南區,33,興南街,#ERROR!,現有路段,住商混合區,偏老(多數屋齡30年以上),偏少(介於11至50件),否,否,否,否,否,,否,,是,公園,否,,否,,否,,否,,是,全聯,否,,否,,低,100.0,不調整,0.0,經綜合考量現行地段率尚屬合宜
218,南區,6,永春街,#ERROR!,現有路段,住宅區,偏老(多數屋齡30年以上),極少(約10件以下),否,否,否,否,否,,否,,否,,否,,否,,否,,否,,否,,否,,否,,極低,110.0,不調整,0.0,經綜合考量現行地段率尚屬合宜
219,南區,25,喜樹路(巷),#ERROR!,現有路段,住宅區,偏老(多數屋齡30年以上),偏少(介於11至50件),否,否,否,否,否,,否,,是,公園,否,,否,,否,,否,,否,,否,,否,,極低,100.0,不調整,0.0,經綜合考量現行地段率尚屬合宜
220,南區,769,喜樂路,全部(路含巷),新編路段,住商混合區,較新(多數屋齡10年以內),極少(約10件以下),否,否,否,否,否,,否,,否,,否,,否,,否,,否,,否,,否,,否,,極低,110.0,,,本路段近喜樹路尾，擬按喜樹路地段率(110)編定。
221,東區,7,大同路一段,巷全部,現有路段,住宅區,普通(多數屋齡介於10至30年間),偏少(介於11至50件),否,否,否,否,否,  ,否,,否,,否,  ,否,  ,否,  ,否,  ,否,  ,是,銀行,否,  ,低,,,,
222,南區,39,灣裡路,#ERROR!,現有路段,住商混合區,偏老(多數屋齡30年以上),偏少(介於11至50件),否,否,否,否,否,,是,小學,是,廣場,是,圖書館,否,,否,,是,傳統市場,是,全家便利商店、統一超商,是,郵局,否,,一般,110.0,不調整,0.0,經綜合考量現行地段率尚屬合宜
223,南區,37,鯤鯓路(濱南路-末點),#ERROR!,現有路段,住宅區,偏老(多數屋齡30年以上),極少(約10件以下),否,否,否,是,否,,是,小學,是,公園,否,,否,,否,,否,,否,,否,,否,,低,100.0,不調整,0.0,經綜合考量現行地段率尚屬合宜
224,東區,5,大同路一段,東門圓環-行政院衛生署胸腔病院,現有路段,住商混合區,普通(多數屋齡介於10至30年間),極少(約10件以下),是,否,是,是,否,  ,否,   ,否,,否,  ,否,  ,否,,否,  ,否,,否,,否,,高,150.0,不調整,0.0,經綜合考量現行地段率尚屬合宜
225,南區,24,喜樹路,#ERROR!,現有路段,住商混合區,偏老(多數屋齡30年以上),極少(約10件以下),否,否,否,是,否,,是,小學,是,公園,是,圖書館,否,,否,,是,萬皇宮市場,是,全家便利商店,否,,否,,低,110.0,不調整,0.0,經綜合考量現行地段率尚屬合宜
226,南區,61,中華南路一段全部(路含巷),全部（路含巷）,現有路段,住商混合區,普通(多數屋齡介於10至30年間),偏少(介於11至50件),否,否,是,是,否,  ,否,,否,,否,  ,是,  殯葬設施,否,  ,否,  ,否,  ,否,  ,否,  ,一般,,,,
227,南區,948,清水路,全部(路含巷),現有路段,住宅區,偏老(多數屋齡30年以上),極少(約10件以下),否,否,否,是,否,,否,,是,公園,否,,否,,否,,否,,否,,否,,否,,低,110.0,100,-10.0,本路段鄰近鯤鯓路(濱南路-末點)，故擬小幅調降
228,南區,24,大德街,全部（路含巷）,現有路段,住商混合區,偏老(多數屋齡30年以上),偏少(介於11至50件),否,否,否,否,否,,否,,是,公園,否,,否,,否,,是,建,否,,否,,否,,低,130.0,,,
229,南區,11,永吉街,#ERROR!,現有路段,住宅區,偏老(多數屋齡30年以上),極少(約10件以下),否,否,否,否,否,,否,,是,公園,否,,否,,否,,否,,否,,否,,否,,極低,110.0,不調整,0.0,經綜合考量現行地段率尚屬合宜
230,南區,3,中華南路二段(起點-金華路口),#ERROR!,現有路段,住宅區,偏老(多數屋齡30年以上),普通(介於51至100件),否,否,是,是,否,,否,,是,公園,否,,否,,否,,否,,是,全家便利商店、統一超商,否,,否,,低,110.0,不調整,0.0,經綜合考量現行地段率尚屬合宜
231,南區,1017,新濱路,全部(路含巷),現有路段,其他，請說明：,尚未有房屋建築完成,剛重劃完成或仍開發中，未有建物交易資料,否,否,否,否,否,,否,,否,,否,,否,,否,,否,,否,,否,,否,,低,120.0,不調整,0.0,經綜合考量現行地段率尚屬合宜
232,南區,8,永成路一段,#ERROR!,現有路段,其他，請說明：,較新(多數屋齡10年以內),極少(約10件以下),否,否,是,是,否,,否,,否,,否,,否,,否,,否,,否,,否,,否,,低,120.0,不調整,0.0,經綜合考量現行地段率尚屬合宜
233,南區,768,同興路,全部(路含巷),新編路段,住商混合區,偏老(多數屋齡30年以上),極少(約10件以下),否,否,否,否,否,,否,,是,公園,否,,否,,否,,否,,否,,否,,否,,低,110.0,不調整,0.0,經綜合考量現行地段率尚屬合宜。本路段為明興路1181巷門牌整編，仍按原地段率編訂。
234,南區,36,鯤鯓路(起點-濱南路),#ERROR!,現有路段,住宅區,普通(多數屋齡介於10至30年間),極少(約10件以下),否,否,否,否,否,,否,,是,公園,否,,否,,否,,否,,是,7-11超商,否,,否,,低,110.0,不調整,0.0,經綜合考量現行地段率尚屬合宜
235,南區,34,興隆路,#ERROR!,現有路段,住宅區,偏老(多數屋齡30年以上),偏少(介於11至50件),否,否,否,否,否,,否,,否,,否,,否,,否,,否,,否,,否,,否,,低,110.0,不調整,0.0,經綜合考量現行地段率尚屬合宜
236,南區,26,喜明街,#ERROR!,現有路段,住宅區,普通(多數屋齡介於10至30年間),極少(約10件以下),否,否,否,否,否,,否,,否,,否,,否,,否,,否,,否,,否,,否,,極低,100.0,不調整,0.0,經綜合考量現行地段率尚屬合宜
237,南區,691,福吉四街,全部（路含巷）,現有路段,住宅區,偏老(多數屋齡30年以上),,否,否,否,否,否,,否,,是,公園,否,,否,,否,,否,,否,,否,,否,,極低,130.0,,,
238,東區,8,大同路二段路全部,路全部,現有路段,住商混合區,普通(多數屋齡介於10至30年間),普通(介於51至100件),是,是,是,是,否,  ,是,小學,是,大林國宅,是,衛生福利部疾病管制署南區管制中心,否,  ,是,亞伯大飯店,否,  ,是,四大超商,是,  郵局,否,  ,一般,,,,
239,南區,10,永成路三段,#ERROR!,現有路段,住商混合區,偏老(多數屋齡30年以上),普通(介於51至100件),否,否,是,否,否,,否,,否,,否,,否,,否,,否,,是,全家便利商店、全聯,否,,否,,一般,120.0,不調整,0.0,經綜合考量現行地段率尚屬合宜
240,南區,770,喜明南街,全部(路含巷),新編路段,住宅區,尚未有房屋建築完成,極少(約10件以下),否,否,否,否,否,,否,,是,公園,否,,否,,否,,否,,否,,否,,否,,極低,100.0,,,本路段近喜樹路151巷，擬按喜樹路(巷全部)地段率(100)編定。
241,南區,4,中華南路二段(金華路口-末點),#ERROR!,現有路段,住宅區,偏老(多數屋齡30年以上),偏少(介於11至50件),否,否,是,是,否,,否,,是,公園,是,政府機關,否,,否,,否,,是,7-11超商,否,,否,,低,120.0,不調整,0.0,經綜合考量現行地段率尚屬合宜
242,東區,11,大同路二段巷中華南路-末點,巷:中華南路-末點,現有路段,住宅區,普通(多數屋齡介於10至30年間),偏少(介於11至50件),否,否,否,否,否,  ,否,   ,否,,否,  ,否,  ,否,  ,否,  ,否,  ,否,  ,否,  ,極低,,,,
243,南區,32,萬年一至七街,#ERROR!,現有路段,住商混合區,較新(多數屋齡10年以內),熱絡(200件以上),否,否,否,是,否,,否,,是,公園,否,,否,,否,,否,,是,全家便利商店,否,,否,,一般,120.0,不調整,0.0,經綜合考量現行地段率尚屬合宜
244,南區,29,大林路全部,路全部,現有路段,住商混合區,普通(多數屋齡介於10至30年間),偏少(介於11至50件),否,否,否,否,否,  ,否,   ,是,體育公園,是,政府機關,否,  ,否,  ,否,  ,否,  ,否,  ,否,  ,低,,,,
245,南區,1093,德興路,全部(路含巷),現有路段,住商混合區,偏老(多數屋齡30年以上),普通(介於51至100件),否,否,否,否,否,,否,,是,公園,否,,否,,否,,是,傳統市場,是,全家便利商店,否,,否,,一般,110.0,不調整,0.0,經綜合考量現行地段率尚屬合宜
246,南區,31,萬年路,#ERROR!,現有路段,住宅區,偏老(多數屋齡30年以上),極少(約10件以下),否,否,是,是,否,,是,中學,否,,否,,否,,否,,否,,否,,否,,否,,低,120.0,不調整,0.0,經綜合考量現行地段率尚屬合宜
