路線方向,路段,交流道,進出口,週六,週日,週2-4
國1南向,非主線資料,基隆端,進口,32404,32716,29176
國1南向,非主線資料,基隆,出口,9885,7877,10245
國1南向,非主線資料,基隆,"進口1-尚仁路,基隆",2254,2484,2111
國1南向,非主線資料,基隆,"進口2-麥金路,金山",6183,6122,4808
國1南向,非主線資料,八堵,進口,9768,14563,8775
國1南向,非主線資料,大華系統,進口,24309,25187,21539
國1南向,非主線資料,五堵,出口,6523,5173,6064
國1南向,非主線資料,五堵,進口,9172,11450,10009
國1南向,非主線資料,汐止及汐止系統,出口,50415,54182,49075
國1南向,非主線資料,汐止及汐止系統,進口1-國3北+汐止,25599,25599,25599
國1南向,非主線資料,汐止及汐止系統,進口2-國3南,11169,11169,11169
國1南向,非主線資料,高架汐止端,出口,30678,34176,30559
國1南向,非主線資料,東湖,進口,20664,17463,18959
國1南向,非主線資料,內湖,出口1-南京,19742,19201,18626
國1南向,非主線資料,內湖,出口2-成功,9400,8751,9923
國1南向,非主線資料,內湖,進口,17296,18369,18981
國1南向,非主線資料,圓山,出口,68266,58282,64412
國1南向,非主線資料,圓山,進口,29142,27952,28549
國1南向,非主線資料,台北,出口1-士林,32943,30663,32364
國1南向,非主線資料,台北,出口2-台北市區,6948,6681,6365
國1南向,非主線資料,台北,進口,24358,20523,21183
國1南向,非主線資料,三重,出口,23151,21271,21562
國1南向,非主線資料,三重,進口,15485,13959,12102
國1南向,非主線資料,五股及五股轉接道,出口,39500,39500,39500
國1南向,非主線資料,五股及五股轉接道,進口1-高架,49740,49740,49740
國1南向,非主線資料,五股及五股轉接道,進口2-新五路台64,49651,47732,51154
國1南向,非主線資料,泰山轉接道,出口,40929,35156,46367
國1南向,非主線資料,林口,出口1-文化一路,24946,21838,26486
國1南向,非主線資料,林口,出口2-文化北路,15983,13318,19881
國1南向,非主線資料,林口,進口1-文化一路,15965,15363,17708
國1南向,非主線資料,林口,進口2-文化北路,18832,13178,22025
國1南向,非主線資料,桃園,出口,34596,32998,38146
國1南向,非主線資料,桃園,進口1-桃園,12979,12150,14730
國1南向,非主線資料,桃園,進口2-南崁,19187,17415,19564
國1南向,非主線資料,機場系統,出口,29130,33259,38818
國1南向,非主線資料,機場系統,進口,21114,23153,26699
國1南向,非主線資料,內壢,出口,27802,25672,29338
國1南向,非主線資料,內壢,進口1-中壢,13056,12700,14408
國1南向,非主線資料,內壢,進口2-大園,5300,4883,4883
國1南向,非主線資料,中壢,出口,14941,19585,22483
國1南向,非主線資料,中壢,"進口1-民族路,中環",12185,11749,11126
國1南向,非主線資料,中壢,進口2-新屋,4892,3987,4990
國1南向,非主線資料,平鎮系統,出口,24350,23725,26540
國1南向,非主線資料,平鎮系統,進口,16020,16408,19161
國1南向,非主線資料,幼獅,出口,9458,9458,10413
國1南向,非主線資料,幼獅,進口,4516,4516,4516
國1南向,非主線資料,楊梅,出口,26560,24642,29367
國1南向,非主線資料,楊梅,進口,49432,46288,39168
國1南向,非主線資料,高架楊梅端,進口,36599,34391,27502
國1南向,非主線資料,湖口,出口,10974,9167,12006
國1南向,非主線資料,湖口,進口,14985,18904,19656
國1南向,非主線資料,竹北,出口,17820,15907,17115
國1南向,非主線資料,竹北,進口,19348,22001,20947
國1南向,非主線資料,新竹,出口1-公道五/光復路,16459,16174,22777
國1南向,非主線資料,新竹,出口2-新安路,11045,10359,14178
國1南向,非主線資料,新竹,進口1-光復路,13954,10310,13372
國1南向,非主線資料,新竹,進口2-園區二路,11304,10062,11687
國1南向,非主線資料,新竹系統,出口1-國3南,30434,26673,27308
國1南向,非主線資料,新竹系統,出口2-國3北,3458,3458,3542
國1南向,非主線資料,新竹系統,進口,19345,17363,11357
國1南向,非主線資料,頭份,出口,16627,14643,15067
國1南向,非主線資料,頭份,進口,7563,5209,4790
國1南向,非主線資料,苗栗,出口,6573,5154,3853
國1南向,非主線資料,苗栗,進口,7039,6903,6026
國1南向,非主線資料,銅鑼,出口,3046,2409,1521
國1南向,非主線資料,銅鑼,進口,3651,3406,2001
國1南向,非主線資料,三義,出口,6000,6139,5348
國1南向,非主線資料,三義,進口,5202,7016,4648
國1南向,非主線資料,后里,出口,7204,7716,1868
國1南向,非主線資料,后里,進口,9450,9075,9974
國1南向,非主線資料,台中系統,出口,6329,5409,4104
國1南向,非主線資料,台中系統,進口,20567,25310,24211
國1南向,非主線資料,豐原,出口,13843,9494,8988
國1南向,非主線資料,豐原,進口,13858,14691,15070
國1南向,非主線資料,大雅,出口,29664,26123,23994
國1南向,非主線資料,大雅,進口,13269,10091,12091
國1南向,非主線資料,台中,出口,27397,17613,26345
國1南向,非主線資料,台中,進口,20282,17798,17421
國1南向,非主線資料,南屯,出口,17346,14134,15174
國1南向,非主線資料,南屯,進口,15165,11056,11003
國1南向,非主線資料,王田,出口,10217,10092,10363
國1南向,非主線資料,王田,進口,8501,6323,6432
國1南向,非主線資料,彰化系統,出口,4968,4228,4452
國1南向,非主線資料,彰化系統,進口,32814,28692,26035
國1南向,非主線資料,彰化,出口,23798,21578,22774
國1南向,非主線資料,彰化,進口,16239,14870,15588
國1南向,非主線資料,埔鹽系統,出口,15464,14076,15068
國1南向,非主線資料,埔鹽系統,進口1-台76西,4837,6675,5738
國1南向,非主線資料,埔鹽系統,進口2-台76東,4711,6569,5613
國1南向,非主線資料,員林,出口,14247,10320,9580
國1南向,非主線資料,員林,進口,4627,3527,2839
國1南向,非主線資料,北斗,出口,12031,9845,9605
國1南向,非主線資料,北斗,進口,4542,4296,3430
國1南向,非主線資料,西螺,出口,6808,6596,5745
國1南向,非主線資料,西螺,進口,6158,10736,10210
國1南向,非主線資料,虎尾,出口,4748,6482,5450
國1南向,非主線資料,虎尾,進口,3307,4996,4631
國1南向,非主線資料,斗南,出口,7436,5678,5231
國1南向,非主線資料,斗南,"進口1-縣158西,斗六",3027,2390,2311
國1南向,非主線資料,斗南,"進口2-縣158東,虎尾",3474,3118,3300
國1南向,非主線資料,雲林系統,出口,11134,11681,8312
國1南向,非主線資料,雲林系統,進口,7150,7564,6180
國1南向,非主線資料,大林,出口,4260,3398,3025
國1南向,非主線資料,大林,進口,4504,2939,2964
國1南向,非主線資料,民雄,出口,8242,6786,5458
國1南向,非主線資料,民雄,進口,5086,4598,4168
國1南向,非主線資料,嘉義,出口,10910,9874,9349
國1南向,非主線資料,嘉義,進口,7799,5655,4660
國1南向,非主線資料,水上,出口,3862,3520,2969
國1南向,非主線資料,水上,進口,2648,2067,1586
國1南向,非主線資料,嘉義系統,出口,7054,7196,5533
國1南向,非主線資料,嘉義系統,進口,6184,8225,5428
國1南向,非主線資料,新營,出口,5359,5574,4515
國1南向,非主線資料,新營,進口,11832,11447,10440
國1南向,非主線資料,下營系統,出口,3853,4278,2843
國1南向,非主線資料,下營系統,進口,8368,6666,5148
國1南向,非主線資料,麻豆,出口,6494,7097,5688
國1南向,非主線資料,麻豆,進口,8527,7221,7004
國1南向,非主線資料,安定,出口,4819,4346,5598
國1南向,非主線資料,安定,進口,5008,3554,5220
國1南向,非主線資料,台南系統,出口,8134,7464,6977
國1南向,非主線資料,台南系統,進口,20442,20486,23480
國1南向,非主線資料,永康,出口,17302,15058,13450
國1南向,非主線資料,永康,進口,16671,9349,11657
國1南向,非主線資料,大灣,出口,13977,11818,10499
國1南向,非主線資料,台南,出口,13253,12108,12727
國1南向,非主線資料,台南,進口,23641,16911,15138
國1南向,非主線資料,仁德系統,出口,15305,13368,14303
國1南向,非主線資料,仁德系統,進口,16353,14892,15563
國1南向,非主線資料,路竹,出口,7761,6611,6462
國1南向,非主線資料,路竹,進口,7936,6467,7210
國1南向,非主線資料,高科,出口,6793,4695,8960
國1南向,非主線資料,高科,進口,7010,3635,6549
國1南向,非主線資料,岡山,出口,7831,6211,7170
國1南向,非主線資料,岡山,進口,17075,12433,16045
國1南向,非主線資料,楠梓,出口,14716,13864,16254
國1南向,非主線資料,楠梓,進口,24274,18572,21483
國1南向,非主線資料,鼎金系統,出口,26665,13246,15131
國1南向,非主線資料,鼎金系統,進口,50259,45923,44691
國1南向,非主線資料,高雄,出口1-九如建國,29493,22890,22152
國1南向,非主線資料,高雄,出口2-中正,26886,22220,20916
國1南向,非主線資料,高雄,進口-中正,16431,16653,16242
國1南向,非主線資料,瑞隆路,出口,15253,14677,13303
國1南向,非主線資料,五甲系統,出口,35155,35627,36125
國1南向,非主線資料,五甲,出口-貨櫃車專用,3014,3425,4652
國1南向,非主線資料,五甲,進口,11313,10936,11266
國1南向,非主線資料,高雄端,出口,36960,26782,41742
國1北向,非主線資料,基隆端,出口,30880,29114,29050
國1北向,非主線資料,基隆,出口,7730,7196,7887
國1北向,非主線資料,基隆,進口,8974,7861,8914
國1北向,非主線資料,八堵,出口,7418,7353,6311
國1北向,非主線資料,大華系統,出口,28625,28487,24429
國1北向,非主線資料,五堵,出口,7499,8599,10957
國1北向,非主線資料,五堵,"進口1-中油油庫,6.8環道",183,220,289
國1北向,非主線資料,五堵,進口2-5甲,5482,6598,8676
國1北向,非主線資料,汐止及汐止系統,出口1-國3,15802,14839,16027
國1北向,非主線資料,汐止及汐止系統,出口2-汐止,16595,15583,16831
國1北向,非主線資料,汐止及汐止系統,進口1-國3北,24877,23360,25231
國1北向,非主線資料,汐止及汐止系統,進口2-國3南,4353,4088,4415
國1北向,非主線資料,汐止及汐止系統,進口3-汐止,3167,2974,3212
國1北向,非主線資料,高架汐止端,進口,35959,35768,32851
國1北向,非主線資料,東湖,出口,15291,14593,15417
國1北向,非主線資料,內湖,出口,16895,15599,19032
國1北向,非主線資料,內湖,進口1-成功,10991,10275,11030
國1北向,非主線資料,內湖,進口2-南京,18564,17355,18629
國1北向,非主線資料,圓山,出口1-建國,49709,46409,48627
國1北向,非主線資料,圓山,出口2-濱江,16512,16599,15921
國1北向,非主線資料,圓山,進口,20274,18935,20959
國1北向,非主線資料,台北,出口,25280,22363,25935
國1北向,非主線資料,台北,進口,33439,30888,31667
國1北向,非主線資料,三重,出口,13609,13562,13429
國1北向,非主線資料,三重,進口,23780,22288,27003
國1北向,非主線資料,五股及五股轉接道,出口1-台64新五路,33580,33597,36859
國1北向,非主線資料,五股及五股轉接道,出口2-高架,23161,23826,24597
國1北向,非主線資料,五股及五股轉接道,進口,17633,17128,19852
國1北向,非主線資料,泰山轉接道,進口,33387,34586,31487
國1北向,非主線資料,林口,出口1-文化北路,23837,21064,27191
國1北向,非主線資料,林口,出口2-文化一路,9451,10095,13674
國1北向,非主線資料,林口,進口1-文化北路,19585,18072,20981
國1北向,非主線資料,林口,進口2-文化一路,28850,26584,32346
國1北向,非主線資料,桃園,出口,35501,34315,38441
國1北向,非主線資料,桃園,進口1-南崁,11988,10472,13449
國1北向,非主線資料,桃園,進口2-桃園,23999,22649,24343
國1北向,非主線資料,機場系統,出口,21424,20497,23403
國1北向,非主線資料,機場系統,進口,28519,27978,34485
國1北向,非主線資料,內壢,出口1-大園,10166,8930,12261
國1北向,非主線資料,內壢,出口2-中壢,8676,8230,9142
國1北向,非主線資料,內壢,進口,30485,26946,33217
國1北向,非主線資料,中壢,出口,18112,16890,17627
國1北向,非主線資料,中壢,進口,14852,12756,16172
國1北向,非主線資料,平鎮系統,出口,15365,14557,17428
國1北向,非主線資料,平鎮系統,進口,27840,25856,29984
國1北向,非主線資料,幼獅,出口,3927,3197,5538
國1北向,非主線資料,幼獅,進口,8263,6953,12025
國1北向,非主線資料,楊梅,出口,15708,21499,17082
國1北向,非主線資料,楊梅,進口,10866,8769,16617
國1北向,非主線資料,高架楊梅端,出口,20367,25390,19884
國1北向,非主線資料,湖口,出口,16542,14070,20028
國1北向,非主線資料,湖口,進口,9723,9280,11713
國1北向,非主線資料,竹北,出口,15031,14196,16963
國1北向,非主線資料,竹北,進口,17666,14714,18286
國1北向,非主線資料,新竹,出口1-園區二路,5959,7175,9672
國1北向,非主線資料,新竹,出口2-公道五/光復路,16663,17847,16769
國1北向,非主線資料,新竹,進口1-新安路,12805,11003,16677
國1北向,非主線資料,新竹,進口2-光復路,17963,15437,22054
國1北向,非主線資料,新竹系統,出口1-國3北,15346,17870,11764
國1北向,非主線資料,新竹系統,出口2-國3南,951,920,916
國1北向,非主線資料,新竹系統,進口,28489,29719,29805
國1北向,非主線資料,頭份,出口,4424,4804,5903
國1北向,非主線資料,頭份,進口,8114,9055,16153
國1北向,非主線資料,苗栗,出口,7220,7790,6021
國1北向,非主線資料,苗栗,"進口1-台6東,苗栗",2797,4223,2340
國1北向,非主線資料,苗栗,"進口2-台6西,公館",1758,1936,1556
國1北向,非主線資料,銅鑼,出口,3152,3678,2197
國1北向,非主線資料,銅鑼,進口,1864,2746,1481
國1北向,非主線資料,三義,出口,6218,6505,6244
國1北向,非主線資料,三義,進口,4948,6525,5037
國1北向,非主線資料,后里,出口,10277,10144,10192
國1北向,非主線資料,后里,進口,1709,2253,1248
國1北向,非主線資料,台中系統,出口,27902,26556,28325
國1北向,非主線資料,台中系統,進口,5388,6506,4957
國1北向,非主線資料,豐原,出口,14217,16305,15921
國1北向,非主線資料,豐原,進口,12645,12407,12063
國1北向,非主線資料,大雅,出口,10963,12218,11643
國1北向,非主線資料,大雅,進口,27734,28070,25354
國1北向,非主線資料,台中,出口,15640,16285,14896
國1北向,非主線資料,台中,進口,25948,24698,24184
國1北向,非主線資料,南屯,出口,15839,15671,16270
國1北向,非主線資料,南屯,進口,14635,13988,15296
國1北向,非主線資料,王田,出口,7371,7374,7861
國1北向,非主線資料,王田,進口,5499,6064,6313
國1北向,非主線資料,彰化系統,出口,24836,29944,24542
國1北向,非主線資料,彰化系統,進口,5130,5473,5646
國1北向,非主線資料,彰化,出口,16480,14394,15809
國1北向,非主線資料,彰化,進口,20814,20008,22079
國1北向,非主線資料,埔鹽系統,出口,9909,9557,9894
國1北向,非主線資料,埔鹽系統,進口,10784,11498,10247
國1北向,非主線資料,員林,出口,3230,3447,3243
國1北向,非主線資料,員林,進口,11549,11234,11033
國1北向,非主線資料,北斗,出口,3365,4392,3070
國1北向,非主線資料,北斗,進口,9848,9847,10021
國1北向,非主線資料,西螺,出口,7336,8250,7402
國1北向,非主線資料,西螺,進口,4715,5600,4644
國1北向,非主線資料,虎尾,出口,3118,3488,3074
國1北向,非主線資料,虎尾,進口,2837,3029,2795
國1北向,非主線資料,斗南,出口,5635,5263,6072
國1北向,非主線資料,斗南,"進口1-縣158東,虎尾",4070,4175,3630
國1北向,非主線資料,斗南,"進口2-縣158西,斗六",1733,1763,1554
國1北向,非主線資料,雲林系統,出口,7468,8333,6620
國1北向,非主線資料,雲林系統,進口,9041,11123,7546
國1北向,非主線資料,大林,出口,3089,3126,3414
國1北向,非主線資料,大林,進口,2739,3211,2643
國1北向,非主線資料,民雄,出口,4705,5081,4807
國1北向,非主線資料,民雄,進口,4707,5537,4403
國1北向,非主線資料,嘉義,出口,7798,8682,7102
國1北向,非主線資料,嘉義,進口,9589,10001,8887
國1北向,非主線資料,水上,出口,2289,2079,1740
國1北向,非主線資料,水上,進口,3450,3028,2653
國1北向,非主線資料,嘉義系統,出口,3720,4189,2784
國1北向,非主線資料,嘉義系統,進口,6436,7899,5944
國1北向,非主線資料,新營,出口,11616,11458,10942
國1北向,非主線資料,新營,進口,4937,5786,4424
國1北向,非主線資料,下營系統,出口,7707,8928,6104
國1北向,非主線資料,下營系統,進口,2569,3200,2251
國1北向,非主線資料,麻豆,出口,9224,9167,8707
國1北向,非主線資料,麻豆,進口,5987,6982,5397
國1北向,非主線資料,安定,出口,4228,3913,6003
國1北向,非主線資料,安定,進口,3833,3633,4558
國1北向,非主線資料,台南系統,出口,18904,19066,18789
國1北向,非主線資料,台南系統,進口,8081,8565,7874
國1北向,非主線資料,永康,出口,13915,13349,15921
國1北向,非主線資料,永康,進口,14546,14016,12278
國1北向,非主線資料,大灣,進口,13510,13307,12684
國1北向,非主線資料,台南,出口,22024,22642,20678
國1北向,非主線資料,台南,進口,12483,12121,12566
國1北向,非主線資料,仁德系統,出口,15656,16121,14028
國1北向,非主線資料,仁德系統,進口,14014,14558,14901
國1北向,非主線資料,路竹,出口,6483,6066,6983
國1北向,非主線資料,路竹,進口,6160,6365,5898
國1北向,非主線資料,高科,出口,4957,3813,6941
國1北向,非主線資料,高科,進口,5386,4290,7568
國1北向,非主線資料,岡山,出口,14730,13110,16995
國1北向,非主線資料,岡山,進口,5714,5665,6092
國1北向,非主線資料,楠梓,出口,20073,18013,21279
國1北向,非主線資料,楠梓,進口,15489,14550,16213
國1北向,非主線資料,鼎金系統,出口,47143,46193,43631
國1北向,非主線資料,鼎金系統,進口,19790,19621,18200
國1北向,非主線資料,高雄,出口1-中正,6995,5752,6477
國1北向,非主線資料,高雄,出口2-三多,9511,8526,8739
國1北向,非主線資料,高雄,進口1-九如建國,24884,23435,33108
國1北向,非主線資料,高雄,進口2-中正,14102,13800,20648
國1北向,非主線資料,五甲系統暨南華路進口,進口,61254,60436,58472
國1北向,非主線資料,五甲,出口,9576,8510,10023
國1北向,非主線資料,五甲,進口-貨櫃車專用,3312,3440,1449
國1北向,非主線資料,高雄端,進口,26668,25192,27345
國3南向,非主線資料,基港端,進口1-聯外道路,3342,3678,3531
國3南向,非主線資料,基港端,進口2-光華路,3342,3678,3531
國3南向,非主線資料,基港端,進口3-德安路,4202,4625,4440
國3南向,非主線資料,基港端,進口4-中和路,5752,6331,6078
國3南向,非主線資料,基金,進口,20258,22143,21421
國3南向,非主線資料,瑪東系統,出口,4770,4806,4959
國3南向,非主線資料,瑪東系統,進口,2718,5079,3499
國3南向,非主線資料,汐止系統,出口,13593,13593,13593
國3南向,非主線資料,汐止系統,進口,33800,31565,33263
國3南向,非主線資料,新台五路,出口,10628,13178,13690
國3南向,非主線資料,新台五路,進口1-新台五路西,8739,10335,11953
國3南向,非主線資料,新台五路,進口2-新台五路東,7722,8315,7406
國3南向,非主線資料,南港,進口,17000,17000,17000
國3南向,非主線資料,南港系統,出口,21129,18057,14930
國3南向,非主線資料,南港系統,進口,15332,19055,11984
國3南向,非主線資料,木柵,出口,18508,19493,20638
國3南向,非主線資料,木柵,進口,16639,15928,16160
國3南向,非主線資料,新店,出口,12038,13189,12907
國3南向,非主線資料,新店,進口,11601,10796,12839
國3南向,非主線資料,安坑,出口,10895,9365,11660
國3南向,非主線資料,安坑,進口,30922,27766,30298
國3南向,非主線資料,中和,出口,23490,23763,26382
國3南向,非主線資料,中和,進口,38416,33954,36197
國3南向,非主線資料,土城,出口,18220,15131,21820
國3南向,非主線資料,土城,進口,36802,34940,33986
國3南向,非主線資料,樹林,出口,11010,9968,10354
國3南向,非主線資料,三鶯,出口-1鶯歌,6453,6850,9227
國3南向,非主線資料,三鶯,出口2-三峽,8104,8262,6586
國3南向,非主線資料,三鶯,進口,18753,18840,18937
國3南向,非主線資料,鶯歌系統,出口,30153,35642,40258
國3南向,非主線資料,鶯歌系統,進口,18161,19621,19705
國3南向,非主線資料,大溪,出口,22889,25995,25746
國3南向,非主線資料,大溪,進口1-永昌路,4115,4538,3423
國3南向,非主線資料,大溪,進口2-觀音,5559,5261,4663
國3南向,非主線資料,龍潭,出口,15971,15156,15995
國3南向,非主線資料,龍潭,進口,6097,5766,4871
國3南向,非主線資料,關西,出口,7158,5897,3678
國3南向,非主線資料,關西,進口,5684,4965,4270
國3南向,非主線資料,竹林,出口,15386,14442,11169
國3南向,非主線資料,竹林,進口,6681,6117,6422
國3南向,非主線資料,寶山,出口,4316,3548,5382
國3南向,非主線資料,寶山,進口,5662,5290,7177
國3南向,非主線資料,新竹系統,出口,20573,18693,14455
國3南向,非主線資料,新竹系統,進口,30970,27282,27269
國3南向,非主線資料,茄苳,出口,11011,9715,10966
國3南向,非主線資料,茄苳,進口,7655,9325,9325
國3南向,非主線資料,香山,出口,9255,6558,11460
國3南向,非主線資料,香山,進口,4564,3196,3983
國3南向,非主線資料,西濱,出口,6405,5780,6551
國3南向,非主線資料,竹南,出口,4865,3251,3320
國3南向,非主線資料,竹南,進口,5012,3692,3308
國3南向,非主線資料,大山,出口,3281,2118,2240
國3南向,非主線資料,大山,進口,2901,933,933
國3南向,非主線資料,後龍,出口,5523,3824,2982
國3南向,非主線資料,後龍,進口,3996,3492,2736
國3南向,非主線資料,通霄,出口,5235,4170,3018
國3南向,非主線資料,通霄,進口,3949,3921,2274
國3南向,非主線資料,苑裡,出口,4327,3635,2714
國3南向,非主線資料,苑裡,進口,8268,8306,8492
國3南向,非主線資料,大甲,出口,4434,3523,2828
國3南向,非主線資料,大甲,進口,12065,11189,10203
國3南向,非主線資料,中港系統,出口,17720,16542,15351
國3南向,非主線資料,中港系統,進口,7012,7344,6413
國3南向,非主線資料,沙鹿,出口,8821,8784,8080
國3南向,非主線資料,沙鹿,進口,8696,8595,8566
國3南向,非主線資料,龍井,出口,9182,8940,8589
國3南向,非主線資料,龍井,進口,9734,8787,9871
國3南向,非主線資料,和美,出口,6241,5435,5405
國3南向,非主線資料,和美,進口,11817,12217,13797
國3南向,非主線資料,彰化系統,出口,25344,20952,18760
國3南向,非主線資料,彰化系統,進口,12250,11329,11706
國3南向,非主線資料,快官,出口,13053,12178,11813
國3南向,非主線資料,快官,進口,24467,21356,21088
國3南向,非主線資料,烏日,出口,4737,4266,3599
國3南向,非主線資料,烏日,進口,6557,4997,4957
國3南向,非主線資料,中投,出口,8553,7237,8505
國3南向,非主線資料,中投,進口,12339,9567,8887
國3南向,非主線資料,霧峰,出口,15263,12447,13737
國3南向,非主線資料,霧峰,進口,43931,42833,32687
國3南向,非主線資料,霧峰系統,出口,19838,18281,12413
國3南向,非主線資料,霧峰系統,進口,4702,7014,3808
國3南向,非主線資料,草屯,出口,7634,7321,7367
國3南向,非主線資料,草屯,進口,3339,3222,2833
國3南向,非主線資料,中興系統,出口,9937,11091,7888
國3南向,非主線資料,中興系統,進口,5292,5993,4524
國3南向,非主線資料,中興,出口,8803,9511,9722
國3南向,非主線資料,中興,進口,4335,4261,4067
國3南向,非主線資料,南投,出口,8962,8506,9286
國3南向,非主線資料,南投,進口,2467,2365,2366
國3南向,非主線資料,名間,出口,9518,9426,6931
國3南向,非主線資料,名間,進口,2455,2575,1984
國3南向,非主線資料,竹山,出口,10383,11001,6764
國3南向,非主線資料,竹山,進口,3411,5103,2198
國3南向,非主線資料,南雲,出口,2185,2016,1474
國3南向,非主線資料,南雲,進口,2136,2477,1617
國3南向,非主線資料,斗六,出口,5535,5112,4011
國3南向,非主線資料,斗六,進口,3938,4408,3566
國3南向,非主線資料,古坑系統,出口,4935,5263,3703
國3南向,非主線資料,古坑系統,進口,3794,4176,2458
國3南向,非主線資料,古坑,出口,743,764,363
國3南向,非主線資料,古坑,進口,1463,1767,922
國3南向,非主線資料,梅山,出口,2505,2587,1795
國3南向,非主線資料,梅山,進口,5187,5695,4449
國3南向,非主線資料,竹崎,出口,7413,7523,5308
國3南向,非主線資料,竹崎,進口,5988,6422,5273
國3南向,非主線資料,中埔,出口,6875,7024,4815
國3南向,非主線資料,中埔,進口,8016,10658,5711
國3南向,非主線資料,水上系統,出口,6444,7048,4890
國3南向,非主線資料,水上系統,進口,2147,2570,1427
國3南向,非主線資料,白河,出口,3136,3628,1765
國3南向,非主線資料,白河,進口,2934,3801,2262
國3南向,非主線資料,柳營,出口,1334,1553,840
國3南向,非主線資料,柳營,進口,2866,3425,2508
國3南向,非主線資料,烏山頭,出口,1240,1342,862
國3南向,非主線資料,烏山頭,進口,3297,3848,2852
國3南向,非主線資料,官田系統,出口,4211,5190,2442
國3南向,非主線資料,官田系統,進口,6211,7470,4880
國3南向,非主線資料,善化,出口,3158,3898,3048
國3南向,非主線資料,善化,進口,3962,3859,3716
國3南向,非主線資料,新化系統,出口,10329,12995,6929
國3南向,非主線資料,新化系統,進口,10421,10877,9097
國3南向,非主線資料,關廟,出口,8138,8292,7032
國3南向,非主線資料,關廟,進口,8353,8774,5107
國3南向,非主線資料,田寮,出口,2962,3558,1546
國3南向,非主線資料,田寮,進口,4291,4732,3418
國3南向,非主線資料,燕巢系統,出口,14647,16977,9784
國3南向,非主線資料,燕巢系統,進口1-國10東,11421,10658,9774
國3南向,非主線資料,燕巢系統,進口2-國10西,1115,1100,1012
國3南向,非主線資料,九如,出口,12170,11738,9632
國3南向,非主線資料,九如,進口,2738,2694,2287
國3南向,非主線資料,長治,出口,5056,5316,5125
國3南向,非主線資料,長治,進口,4368,4472,3849
國3南向,非主線資料,麟洛,出口,4620,4323,3627
國3南向,非主線資料,麟洛,進口,7067,6955,6566
國3南向,非主線資料,竹田系統,出口,8189,8304,7339
國3南向,非主線資料,竹田系統,進口,15847,15251,10921
國3南向,非主線資料,崁頂,出口,3934,3488,3109
國3南向,非主線資料,南州,出口,17772,16101,10781
國3南向,非主線資料,南州,進口,568,489,367
國3南向,非主線資料,林邊,出口,2950,5734,5336
國3南向,非主線資料,大鵬灣端,出口,8810,8471,4842
國3北向,非主線資料,基港端,出口1-中和路,5125,5109,5132
國3北向,非主線資料,基港端,出口2-德安路,2304,2320,2297
國3北向,非主線資料,基港端,出口3-中山四路,1287,1046,813
國3北向,非主線資料,基港端,出口4-中山三路,1339,1330,809
國3北向,非主線資料,基港端,出口5-聯外道路,1279,1046,819
國3北向,非主線資料,基金,出口,22251,22529,21574.33333
國3北向,非主線資料,瑪東系統,出口,2624,3205,2247
國3北向,非主線資料,瑪東系統,進口,2799,2498,3284
國3北向,非主線資料,汐止系統,出口,25362,29136,28285
國3北向,非主線資料,汐止系統,進口,10464,12235,10282
國3北向,非主線資料,新台五路,出口,16288,15321,18839
國3北向,非主線資料,新台五路,進口,9424,8647,12525
國3北向,非主線資料,南港,出口,15436,15083,18555
國3北向,非主線資料,南港系統,出口,12917,14482,9435
國3北向,非主線資料,南港系統,進口,16110,17565,15788
國3北向,非主線資料,南深路,出口,3301,2763,3153
國3北向,非主線資料,木柵,出口,18617,17885,17016
國3北向,非主線資料,木柵,進口,19004,16264,17276
國3北向,非主線資料,新店,出口,11267,9204,10289
國3北向,非主線資料,新店,進口,12924,10004,11553
國3北向,非主線資料,安坑,出口,30283,28095,28595
國3北向,非主線資料,安坑,進口1-中央路/環河路,4284,3319,3959
國3北向,非主線資料,安坑,進口2-安康路,8989,7914,8201
國3北向,非主線資料,中和,出口,35939,36696,34880
國3北向,非主線資料,中和,進口,23364,21778,25170
國3北向,非主線資料,土城,出口,36446,37434,37130
國3北向,非主線資料,土城,進口,17021,14842,20659
國3北向,非主線資料,樹林,進口,18316,18084,18184
國3北向,非主線資料,三鶯,出口,19388,20061,20106
國3北向,非主線資料,三鶯,進口,15258,14861,15502
國3北向,非主線資料,鶯歌系統,出口,22084,16998,20647
國3北向,非主線資料,鶯歌系統,進口,44246,29078,41058
,非主線資料,大溪,出口,8347,8697,7697
國3北向,非主線資料,大溪,進口1-觀音,21100,18561,19320
國3北向,非主線資料,大溪,進口2-永昌路,6833,6019,6111
國3北向,非主線資料,龍潭,出口,5770,5211,4892
國3北向,非主線資料,龍潭,進口,16040,7813,16992
國3北向,非主線資料,關西,出口,4382,4546,4081
國3北向,非主線資料,關西,進口,2827,5434,3264
國3北向,非主線資料,竹林,出口,6414,6340,6131
國3北向,非主線資料,竹林,進口,12280,14012,10565
國3北向,非主線資料,寶山,出口,6254,3741,6187
國3北向,非主線資料,寶山,進口,5650,3416,4770
國3北向,非主線資料,新竹系統,出口,22372,27495,27458
國3北向,非主線資料,新竹系統,進口,16208,19503,13853
國3北向,非主線資料,茄苳,出口,5280,5017,4963
國3北向,非主線資料,茄苳,進口,11032,8656,9720
國3北向,非主線資料,香山,出口,3606,2346,2587
國3北向,非主線資料,香山,進口,8102,7708,12341
國3北向,非主線資料,西濱,進口,5649,5912,5991
國3北向,非主線資料,竹南,出口,3913,4911,3529
國3北向,非主線資料,竹南,進口,3635,3657,3814
國3北向,非主線資料,大山,出口,996,1148,1037
國3北向,非主線資料,大山,進口,2077,2467,2119
國3北向,非主線資料,後龍,出口,3511,4223,3479
國3北向,非主線資料,後龍,進口,3167,4182,2998
國3北向,非主線資料,通霄,出口,3153,4044,2310
國3北向,非主線資料,通霄,進口,3572,4735,3207
國3北向,非主線資料,苑裡,出口,7864,7719,8066
國3北向,非主線資料,苑裡,進口,3470,4338,3022
國3北向,非主線資料,大甲,出口,11188,11522,11001
國3北向,非主線資料,大甲,進口,2615,3079,2331
國3北向,非主線資料,中港系統,出口,6335,6633,6081
國3北向,非主線資料,中港系統,進口,15753,16752,15167
國3北向,非主線資料,沙鹿,出口,7552,7723,8000
國3北向,非主線資料,沙鹿,進口,7582,7958,7482
國3北向,非主線資料,龍井,出口,8369,9157,9456
國3北向,非主線資料,龍井,進口,9182,9532,8968
國3北向,非主線資料,和美,出口,12377,14634,13964
國3北向,非主線資料,和美,進口,5283,6220,5498
國3北向,非主線資料,彰化系統,出口,12718,13237,12839
國3北向,非主線資料,彰化系統,進口,14499,17566,14444
國3北向,非主線資料,快官,出口,21848,23182,21865
國3北向,非主線資料,快官,進口,12804,13230,12935
國3北向,非主線資料,烏日,出口,5993,6067,6111
國3北向,非主線資料,烏日,進口,5734,5900,5929
國3北向,非主線資料,中投,出口,11642,12236,11315
國3北向,非主線資料,中投,進口,6994,6919,8090
國3北向,非主線資料,霧峰,出口,30558,36856,26725
國3北向,非主線資料,霧峰,進口,13618,13586,15386
國3北向,非主線資料,霧峰系統,出口,6655,6377,4008
國3北向,非主線資料,霧峰系統,進口,16214,18377,13470
國3北向,非主線資料,草屯,出口1-草屯,2366,4688,2370
國3北向,非主線資料,草屯,出口2-芬園,1181,1512,1072
國3北向,非主線資料,草屯,進口,7457,8868,7380
國3北向,非主線資料,中興系統,出口,5377,6287,5000
國3北向,非主線資料,中興系統,進口,12186,13398,11128
國3北向,非主線資料,中興,出口,4808,4961,4487
國3北向,非主線資料,中興,進口,9802,9841,11725
國3北向,非主線資料,南投,出口,2052,2254,3120
國3北向,非主線資料,南投,進口,5080,4553,10464
國3北向,非主線資料,名間,出口,2199,2902,2009
國3北向,非主線資料,名間,進口,8324,10242,7136
國3北向,非主線資料,竹山,出口,4226,4943,2374
國3北向,非主線資料,竹山,進口,8446,11766,6897
國3北向,非主線資料,南雲,出口,2137,2461,1380
國3北向,非主線資料,南雲,進口,1786,2298,1521
國3北向,非主線資料,斗六,出口,3597,4199,3288
國3北向,非主線資料,斗六,進口,4692,5529,4053
國3北向,非主線資料,古坑系統,出口,2761,4142,1859
國3北向,非主線資料,古坑系統,進口,4883,5567,3526
國3北向,非主線資料,古坑,出口,1516,1516,991
國3北向,非主線資料,古坑,進口,462,462,254
國3北向,非主線資料,梅山,出口,5216,5733,4233
國3北向,非主線資料,梅山,進口,2383,3178,2064
國3北向,非主線資料,竹崎,出口,6158,5997,4767
國3北向,非主線資料,竹崎,進口,6692,8123,5223
國3北向,非主線資料,中埔,出口,7172,8450,4695
國3北向,非主線資料,中埔,進口,6761,8895,5815
國3北向,非主線資料,水上系統,出口,2277,3027,1588
國3北向,非主線資料,水上系統,進口,6066,7284,4942
國3北向,非主線資料,白河,出口,3392,4903,2027
國3北向,非主線資料,白河,進口,3421,5015,2382
國3北向,非主線資料,柳營,出口,2608,2608,2608
國3北向,非主線資料,柳營,進口,994,994,994
國3北向,非主線資料,烏山頭,出口,3296,3756,2805
國3北向,非主線資料,烏山頭,進口,1095,1413,911
國3北向,非主線資料,官田系統,出口,4666,5006,3357
國3北向,非主線資料,官田系統,進口,3112,4111,1863
國3北向,非主線資料,善化,出口,2930,3137,2923
國3北向,非主線資料,善化,進口,4061,4376,3721
國3北向,非主線資料,新化系統,出口,7583,9029,8192
國3北向,非主線資料,新化系統,進口,10854,12219,7028
國3北向,非主線資料,關廟,出口,5800,8555,4791
國3北向,非主線資料,關廟,進口,7939,8941,6794
國3北向,非主線資料,田寮,出口,2950,3630,2397
國3北向,非主線資料,田寮,進口,3418,4369,2312
國3北向,非主線資料,燕巢系統,出口,11179,12609,9489
國3北向,非主線資料,燕巢系統,進口1-國10西,5559,6914,2917
國3北向,非主線資料,燕巢系統,進口2-國10東,9286,9521,5872
國3北向,非主線資料,九如,出口,2731,3040,2480
國3北向,非主線資料,九如,進口,9911,10293,8925
國3北向,非主線資料,長治,出口,2618,2911,3857
國3北向,非主線資料,長治,進口,5812,7169,4668
國3北向,非主線資料,麟洛,出口,6692,6707,6541
國3北向,非主線資料,麟洛,進口,4545,5085,4218
國3北向,非主線資料,竹田系統,出口,13035,12990,11513
國3北向,非主線資料,竹田系統,進口,8152,8780,7615
國3北向,非主線資料,崁頂,進口,3176,3523,3059
國3北向,非主線資料,南州,出口,509,522,407
國3北向,非主線資料,南州,進口,13433,19125,12525
國3北向,非主線資料,林邊,進口,5083,8260.666667,4625
國3北向,非主線資料,大鵬灣端,進口,1301,1812,923
國1高架南向,非主線資料,汐止端,進口,30678,34176,30559
國1高架南向,非主線資料,堤頂,出口,9990,10428,11464
國1高架南向,非主線資料,堤頂,進口,21955,20286,25514
國1高架南向,非主線資料,環北,進口,22759,23180,21749
國1高架南向,非主線資料,五股轉接道,出口1-新五路台64,24108.67017,20474.13353,22087.77286
國1高架南向,非主線資料,五股轉接道,出口2-國1平面,19866,24366,26286
國1高架南向,非主線資料,泰山轉接道,進口,39500,38319,32173
國1高架南向,非主線資料,機場系統,出口,15091,15091,16513
國1高架南向,非主線資料,機場系統,進口,3391,3391,6303
國1高架南向,非主線資料,中壢轉接道,出口,19726,15262,19377
國1高架南向,非主線資料,中壢轉接道,進口,17193,12448,18155
國1高架南向,非主線資料,楊梅端,出口,36599,34391,27502
國2東向,非主線資料,機場端,進口,43565,43798,42951
國2東向,非主線資料,大園,出口,426,423,546
國2東向,非主線資料,大園,進口,19010,17169,21261
國2東向,非主線資料,大竹,出口,6125,5609,6855
國2東向,非主線資料,大竹,進口,20881,18547,23008
國2東向,非主線資料,機場系統,出口,43826,42077,48473
國2東向,非主線資料,機場系統,進口,38307,36127,43090
國2東向,非主線資料,南桃園,出口,32508,30209,33370
國2東向,非主線資料,南桃園,進口,14789,13478,19417
國2東向,非主線資料,大湳,出口,8427,7915,9093
國2東向,非主線資料,大湳,進口,9517,8629,9546
國2東向,非主線資料,鶯歌系統,出口,54659,50598,59068
國1高架北向,非主線資料,汐止端,出口,35959,35768,32851
國1高架北向,非主線資料,堤頂,出口,17192,16372,19962
國1高架北向,非主線資料,堤頂,進口,12473,11474,13922
國1高架北向,非主線資料,下塔悠,出口,5746,5721,8046
國1高架北向,非主線資料,環北,出口,26229,26765,26278
國1高架北向,非主線資料,五股轉接道,進口1-新五路台64,27538,24576,29936
國1高架北向,非主線資料,五股轉接道,進口2-國1平面,22693,24211,23314
國1高架北向,非主線資料,泰山轉接道,出口,24391,34586,25483
國1高架北向,非主線資料,機場系統,出口,3079,3238,6342
國1高架北向,非主線資料,機場系統,進口,12899,13478,15465
國1高架北向,非主線資料,中壢轉接道,出口,15987,22158,16214
國1高架北向,非主線資料,中壢轉接道,進口,20367,25390,19884
國1高架北向,非主線資料,楊梅端,進口,20367,25390,19884
國2西向,非主線資料,機場端,出口,38062,44165,47902
國2西向,非主線資料,大園,出口,17024,16402,20337
國2西向,非主線資料,大園,進口,6471,6283,7401
國2西向,非主線資料,大竹,出口,22726,20144,23799
國2西向,非主線資料,大竹,進口,5522,4939,5910
國2西向,非主線資料,機場系統,出口,33955,33785,35564
國2西向,非主線資料,機場系統,進口,45148,43759,49502
國2西向,非主線資料,南桃園,出口,17772,17518,19132
國2西向,非主線資料,南桃園,進口,22803,21410,22679
國2西向,非主線資料,大湳,出口,12619,8842,9057
國2西向,非主線資料,大湳,進口,11065,10124,11375
國2西向,非主線資料,鶯歌系統,進口,54529,57232,59602
國3甲東向,非主線資料,台北端,進口,24309,22506,23610
國3甲東向,非主線資料,萬芳,出口,8013,7433,7668
國3甲東向,非主線資料,萬芳,進口1-信義快,10609,9457,11180
國3甲東向,非主線資料,萬芳,進口2-木柵路,7238,7196,6515
國3甲東向,非主線資料,深坑端,出口,34711,32110,34231
國5南向,非主線資料,南港系統,進口,35850,32743,25938
國5南向,非主線資料,石碇,出口,2911,2935,3009
國5南向,非主線資料,石碇,進口,6994,5924,4524
國5南向,非主線資料,坪林,出口,2382,2453,1808
國5南向,非主線資料,坪林,進口,1497,1309,814
國5南向,非主線資料,頭城,出口,11726,8854,7629
國5南向,非主線資料,頭城,進口,5437,3422,4388
國5南向,非主線資料,宜蘭,出口,13680,10267,10154
國5南向,非主線資料,宜蘭,進口,6859,6700,5922
國5南向,非主線資料,羅東,出口,15805,12291,12443
國5南向,非主線資料,羅東,進口,2712,2460,2833
國5南向,非主線資料,蘇澳,出口,12748,8716,8700
國3甲西向,非主線資料,台北端,出口,23224,23319,24253
國3甲西向,非主線資料,木柵端,出口,7972,9202,8465
國3甲西向,非主線資料,木柵端,進口,24838,25099,27739
國3甲西向,非主線資料,萬芳,出口,19680,19780,20872
國3甲西向,非主線資料,萬芳,進口,7646,7054,7562
國3甲西向,非主線資料,深坑端,進口,18101,16893,17519
國5北向,非主線資料,南港系統,出口,32377,37656,27676
國5北向,非主線資料,石碇,出口,1753,2227,1393
國5北向,非主線資料,石碇,進口,3019,5616,2251
國5北向,非主線資料,坪林,出口,4415,5956,3606
國5北向,非主線資料,坪林,進口,9675,11041,7859
國5北向,非主線資料,頭城,出口,5725,5768,4855
國5北向,非主線資料,頭城,進口,11456,12866,7824
國5北向,非主線資料,宜蘭,出口,4195,3949,4522
國5北向,非主線資料,宜蘭,進口,11021,12520,8871
國5北向,非主線資料,羅東,出口,2663,4542,2827
國5北向,非主線資料,羅東,進口,13334,12800,11605
國5北向,非主線資料,蘇澳,進口,9135,8231,8617
國4東向,非主線資料,清水端,進口,15680,16524,16241
國4東向,非主線資料,中港系統,出口1-國3南,1063,1688,1177
國4東向,非主線資料,中港系統,出口2-國3北,4029,6362,5554
國4東向,非主線資料,中港系統,進口,12248,12044,10315
國4東向,非主線資料,神岡,出口,2926,1802,1595
國4東向,非主線資料,神岡,進口,7123,7318,7112
國4東向,非主線資料,台中系統,出口,17541,16903,19078
國4東向,非主線資料,台中系統,進口,15477,14299,14833
國4東向,非主線資料,后豐,出口,9085,8501,10286
國4東向,非主線資料,豐原端,出口,15990,15411,12896
國8東向,非主線資料,台南端,進口,11482,12231,10936
國8東向,非主線資料,新吉,進口,11864,11911,11382
國8東向,非主線資料,台南系統,出口,13622,13793,14015
國8東向,非主線資料,台南系統,進口,16175,15799,14861
國8東向,非主線資料,新市,出口,8394,7535,10700
國8東向,非主線資料,新市,進口,2631,2549,3046
國8東向,非主線資料,新化系統,出口,17940,19215,11932
國8東向,非主線資料,新化系統,進口,3079,3613,2507
國8東向,非主線資料,新化端,出口,5120,5127,5078
國4西向,非主線資料,清水端,出口,16252,15555,16095
國4西向,非主線資料,中港系統,出口1-國3北,11541,12417,10668
國4西向,非主線資料,中港系統,出口2-國3南,4259,4222,3851
國4西向,非主線資料,中港系統,進口1-國3南,5555,5588,5183
國4西向,非主線資料,中港系統,進口2-國3北,1948,1964,1764
國4西向,非主線資料,神岡,出口,6352,6941,6778
國4西向,非主線資料,神岡,進口,2934,2871,2913
國4西向,非主線資料,台中系統,出口,11746,11806,12032
國4西向,非主線資料,台中系統,進口,17885,17666,17779
國4西向,非主線資料,后豐,進口,9967,11312,11788
國4西向,非主線資料,豐原端,進口,13916,16231,13036
國8西向,非主線資料,台南端,出口,9570,10656,9411
國8西向,非主線資料,新吉,出口,12091,12188,11845
國8西向,非主線資料,台南系統,出口,11848,15257,16755
國8西向,非主線資料,台南系統,進口,10863,10732,15684
國8西向,非主線資料,新市,出口,3167,3933,3603
國8西向,非主線資料,新市,進口,9259,7868,13296
國8西向,非主線資料,新化系統,出口,8640,6371,4194
國8西向,非主線資料,新化系統,進口,14833,18410,7994
國8西向,非主線資料,新化端,進口,7641,8463,8319
國6東向,非主線資料,霧峰系統,進口,22812,19502,14069
國6東向,非主線資料,舊正,進口,3528,3460,2197
國6東向,非主線資料,東草屯,出口,3114,3029,3075
國6東向,非主線資料,東草屯,進口,1333,1340,1148
國6東向,非主線資料,國姓,出口,2923,2700,1659
國6東向,非主線資料,國姓,進口,442,459,366
國6東向,非主線資料,北山,出口,874,761,387
國6東向,非主線資料,愛蘭,出口,11891,11398,7037
國6東向,非主線資料,愛蘭,進口,495,382,362
國6東向,非主線資料,埔里,出口,4994,4124,3599
國6東向,非主線資料,埔里端,出口,4951,4769,3599
國10東向,非主線資料,左營端,進口1-都會快,18460,18231,17729
國10東向,非主線資料,左營端,進口2-文自路,15647,14447,14010
國10東向,非主線資料,鼎金系統,出口,22458,22400,23595
國10東向,非主線資料,鼎金系統,進口2-國1南,8029,7832,7864
國10東向,非主線資料,鼎金系統,進口3-國1北,23708,23113,21398
國10東向,非主線資料,仁武,出口,17117,15301,17169
國10東向,非主線資料,仁武,進口,12741,12323,11459
國10東向,非主線資料,燕巢,出口,5607,5070,7082
國10東向,非主線資料,燕巢,進口,9235,8728,8380
國10東向,非主線資料,燕巢系統,出口,21985,21977,15481
國10東向,非主線資料,燕巢系統,進口1-國3南,4723,4552,2558
國10東向,非主線資料,燕巢系統,進口2-國3北,1147,1077,755
國10東向,非主線資料,嶺口,出口,9508,9033,8187
國10東向,非主線資料,旗山端,出口,15067,16108,10918
國6西向,非主線資料,霧峰系統,出口,16034,25391,14323
國6西向,非主線資料,舊正,出口,2755,4329,2411
國6西向,非主線資料,東草屯,出口,1094,1870,1001
國6西向,非主線資料,東草屯,進口,3545,3537,3520
國6西向,非主線資料,國姓,出口,449,584,384
國6西向,非主線資料,國姓,進口,5086,5011,2916
國6西向,非主線資料,北山,進口,659,1359,520
國6西向,非主線資料,愛蘭,出口,422,399,349
國6西向,非主線資料,愛蘭,進口,9733,13078,7346
國6西向,非主線資料,埔里,進口,4175,5683,3669
國6西向,非主線資料,埔里端,進口,3366,5035,2788
國10西向,非主線資料,左營端,出口1,15132,18631,19869
國10西向,非主線資料,左營端,出口2-都會快,17546,21422,18952
國10西向,非主線資料,鼎金系統,出口1,23637,24993,22727
國10西向,非主線資料,鼎金系統,出口2-大中二路,11947,11943,11954
國10西向,非主線資料,鼎金系統,進口1-國1北,23772,23004,22176
國10西向,非主線資料,鼎金系統,進口2-國1南,18090,17532,16968
國10西向,非主線資料,仁武,出口,8165,9043,8220
國10西向,非主線資料,仁武,進口,15044,14063,14234
國10西向,非主線資料,燕巢,出口,8138,9277,8100
國10西向,非主線資料,燕巢,進口,6662,5620,9259
國10西向,非主線資料,燕巢系統,出口,5395,6216,4060
國10西向,非主線資料,燕巢系統,進口1-國3南,9961,13513,6654
國10西向,非主線資料,燕巢系統,進口2-國3北,9905,10443,9820
國10西向,非主線資料,嶺口,進口,5104,5972,4003
國10西向,非主線資料,旗山端,進口,16108,18029,11030
