停車場型態,停車場代碼,停車場名稱,停車場地址,停車場電話,即時車位,一般大型車,一般小型車,身障者小型車,婦幼者小型車,綠能小型車,一般機車,身障者機車,收費時間,收費費率,經緯度,備註欄
民營停車場,104004,凱旋臨時停車場,臺南市東區中華東路與凱旋路口(東光段1011地號),06-236-6222,-1,0,271,10,6,2,0,0,24小時,臨停:每小時50元。 其他月租或優惠依現場公告為主。,22.992103，120.233264,到期日:108.10.06
民營停車場,104018,西拉雅停車場,臺南市白河區溫泉段546地號土地(統茂會館旁),,-1,0,91,1,1,1,0,0,24小時,臨停:每小時30元。 其他月租或優惠依現場公告為主。,23.336388，120.504550,到期日:107.03.31
民營停車場,104019,西拉雅(一)停車場,臺南市白河區溫泉段577地號土地(統茂會館斜對面),,-1,0,23,1,1,1,0,0,24小時,臨停:每小時30元。 其他月租或優惠依現場公告為主。,23.336390，120.504326,到期日:107.03.31
民營停車場,105035,台南自由停車場,臺南市東區自由路一段79號旁(德高段106、106-1、107、126-2地號),0910-894713,-1,0,52,1,0,0,0,0,24小時,其他月租或優惠依現場公告為主。,22.967380，120.234425,到期日:110.08.25
民營停車場,105043,翰林停車場,臺南市東區東區自由路三段210號旁(虎尾寮段532-1、533-2、532-3、532-4、532-101、533-1、533-2、533-3、533-9地號),0970-000-619,-1,0,89,1,0,0,0,0,24小時,其他月租或優惠依現場公告為主。,22.979240，120.237868,到期日:110.08.30
民營停車場,105044,GoLine台南長榮停車場,臺南市北區北區長榮路四段221號旁(仁愛段560、620地號),0986-278989,-1,0,17,1,1,1,0,0,24小時,臨停:每小時40元。 其他月租或優惠依現場公告為主。,23.007225，120.220856,到期日:110.09.30
民營停車場,106012,文東停車場,臺南市東區文東路30巷24號(東區德高段481-3號),06-267-6703,-1,0,6,1,0,0,0,0,24小時,其他月租或優惠依現場公告為主。,22.960811，120.233533,到期日:111.03.02
民營停車場,106028,TimesUNIQLO臺南永康永大路店停車場,臺南市永康區永大路三段168號,02-2504-6098,-1,0,43,1,1,1,0,0,24小時,臨停:平日每半小時20元；假日:每半時30元。 其他月租或優惠依現場公告為主。,23.031159，120.260281,到期日:111.03.23
民營停車場,106030,大遠百停車場,臺南市東區前鋒路210號,06-209-8999,-1,0,530,13,13,2,0,0,24小時,臨停費率:每小時50元，第1小時內50元，逾1小時以每半小時25元計算。 單日在本公司或香格里拉遠東國際大飯店消費滿500元，給予免費1小時優待，最高給予4小時免費優惠(住宿者除外-給予全日優惠停車)。,22.996316，120.214833,到期日:111.05.23
民營停車場,106036,郭綜合醫院立體停車場,臺南市中西區民生路2段27號,06-222-1111#3125,-1,0,106,2,0,0,0,0,24小時,臨停費率:每小時50元，逾1小時以上，未滿半小時以半小時計,22.994758，120.19839,到期日:111.06.29
民營停車場,106037,日月亭健康路停車場,臺南市南區健康路二段386號旁(新興段233-21，233-22與233-23等3筆地號),06-312-1033,-1,0,20,1,1,1,0,0,24小時,臨停:每小時收費50元。 其他月租或優惠依現場公告為主。,22.982432，120.186874,到期日:111.07.31
民營停車場,106040,Times崇善十街停車場,臺南市東區崇善十街61號(東區竹篙段3685地號),02-2504-6098,-1,0,49,1,1,1,0,0,24小時,臨停:每半小時30元。 其他月租或優惠依現場公告為主。,22.971720，120.232003,到期日:111.03.20
民營停車場,106042,華興段008-0000私人停車場,臺南市北區南園街127巷106弄82號旁空地(北區華興段8地號土地),0986-007-123,-1,0,6,1,0,0,0,0,24小時,其他月租或優惠依現場公告為主。,23.008604，120.229746,到期日:111.08.02
民營停車場,106043,綠園停車場,臺南市中西區中山路39號(中西區三民段74地號土地),0973283987,-1,0,13,1,0,0,0,0,其他月租或優惠依現場公告為主。,24小時,22.993383，120.206207,到期日:111.08.27
民營停車場,106048,七股鹽山停車場,臺南市七股區鹽埕里66號,06-780-0511#49、30,-1,0,80,2,2,0,22,2,夏季(3月-10月)09:00~18:00 冬季(11月-2月)08:30~17:30,計次:小型車100元;機車、腳踏車50元,23.154948，120.098966,到期日:111.09.24
民營停車場,106053,柳營新天地停車場,臺南市柳營區太康村201-10號,06-622-6869,-1,0,341,8,7,1,303,7,24小時,機車:每次10元。汽車:1小時以內(含)每次35元，1小時以上未滿2小時每次40元，2小時以上未滿3小時每次45元， 3小時以上未滿3.5小時每次50元，3.5小時以上每半小時加收15元，逾半小時未滿1小時加收30元，每日最高150元。,23.289913，120.329166,到期日:111.08.23
民營停車場,106054,助安168台南北門停車場,臺南市中西區北門路一段101號地下室(中西區青年段503、508、509、510、512及859地號等6筆土地),02-2754-6661,-1,0,35,1,1,1,0,0,24小時,臨停:汽車每小時40元。 其他月租或優惠依現場公告為主。,22.992244，120.211521,到期日:110.12.31
民營停車場,106055,見橋停車場,臺南市永康區中華路870號旁空地(六甲頂段522地號),0913-551117,-1,0,0,0,0,0,91,2,24小時,臨停:每日20/次;月租:400/月,23.021339，120.221810,到期日:111.09.19
民營停車場,106059,寶立成停車場,臺南市東區中華東路2段22巷14弄西側,06-268-2097,-1,0,4,1,0,0,0,0,24小時,月租:1300元,22.987912，120.232912,到期日:111.06.28
民營停車場,106064,盛川停車場,臺南市永康區臺南市永康區中華路829號旁(大橋車站前),,-1,0,0,0,0,0,68,1,24小時,臨停:每次25元。,23.019417，120.224546,
民營停車場,106071,娛樂城停車場,臺南市中西區公園路60號,06-225-9101,-1,0,84,2,2,0,0,0,每日9時至翌日凌晨2時止,臨停費率:每小時50元，第1小時內50元，逾1小時以每半小時25元計算。 單日消費滿500元，至本公司1樓服務台辦理優惠，給予免費1小時優待，最高給予4小時費優惠。,22.995506，120.206413,到期日:111.10.07
民營停車場,106073,Times中華西和緯停車場,臺南市中西區臺南市中西區和緯路四段305號,,-1,0,13,1,1,1,0,0,24小時,臨停:每半小時30元。 其他月租或優惠依現場公告為主。,23.006439，120.186493,
民營停車場,106083,東門停車場,臺南市東區臺南市東區東門路一段187號旁,,-1,0,23,1,1,1,0,0,24小時,臨停:平日每小時15元，假日每半小時20元。 其他月租或優惠依現場公告為主。,22.987678，120.215782,
民營停車場,107002,石門國民小學停車場,臺南市安平區安平路700號,06-222-3332#315,-1,0,14,1,1,1,0,0,臨停:週六~日及國定假日上午10時至下午5時； 年租:24小時。,臨停:每小時30元。 其他月租或優惠依現場公告為主。,22.999626，120.166319,到期日:110.11.16
民營停車場,107003,烏山頭水庫風景區停車場,臺南市官田區嘉南里68-2號,06-698-2103,-1,20,302,7,7,7,5,1,上午6時至下午6時,臨停費率:大客車每台每次80元，小客車每台每次50元，機車每台每次20元。,23.207948，120.363147,到期日:111.10.25
民營停車場,107009,台灣聯通台南小北停車場,臺南市北區臺南市北區西門路4段111號(北區小北段1889、1889-2地號),,-1,0,83,2,2,2,191,3,24小時,臨停:汽車每小時50元，機車每小時20元。 其他月租或優惠依現場公告為主。 ,23.009112，120.206828,到期日：111.11.30
民營停車場,107010,康利福停車場,臺南市永康區臺南市永康區奇美醫院第五醫療大樓旁(永康區頂南段793~797、801地號),0972859097,-1,0,104,2,2,2,0,0,24小時,臨停:第1小時30元，第2小時起20元。 其他月租或優惠依現場公告為主。,23.019532，120.221671,到期日：111.11.30
民營停車場,107012,走馬瀨農場停車場,臺南市大內區二溪里唭子瓦60號,06-576-0121,-1,9,137,3,3,0,10,1,平日:上午9時至下午5時，假日:上午8時至下午5時,臨停費率:大型車每次100元，小型車每次50元，機車每次20元。,23.136501，120.429929,到期日：111.12.10 
民營停車場,107018,捷美停車場,臺南市安平區臺南市安平區金華段35-12地號,,-1,0,29,1,1,1,0,0,24小時,其他月租或優惠依現場公告為主。,22.99246，120.17142,
民營停車場,107030,台灣聯通台南大東停車場,臺南市東區臺南市東區長榮路1段223號旁空地,,-1,0,157,5,5,5,0,0,24小時,臨停:01：00~18：00每小時40元；18：00~01：00每小時60元。 其他月租或優惠依現場公告為主。,22.985222，120.218129,
民營停車場,107032,關子嶺風景特定區白河水庫停車場,臺南市白河區仙草里1-18號,06-685-2116,-1,0,29,2,1,0,9,1,上午8時至下午6時,臨停費率：小型車每台每次50元，機車每台每次20元。,23.333585，120.458797,到期日：111.11.08 
民營停車場,107033,成大醫院汽機車停車場,臺南市北區小東路35號,06-235-3535#6668、2188,-1,0,423,11,9,9,485,10,24小時,臨停費率: 機車:20/次 汽車:第1小時20元，未滿1小時以1小時計，超過1小時未滿1小時30分鐘者以1小時30分鐘計，收費30元，超過1小時30分鐘未滿2小時者以2小時計，收費40元， 第3小時起每半小時收費20元，其餘類推，每輛每日1次最高收費400元。,23.001557，120.218078,到期日:112.03.22
民營停車場,107040,東門三多停車場,臺南市東區臺南市東區東門路3段226巷內,0985153397,-1,0,177,4,4,4,0,0,24小時,臨停:每30分鐘15元。 其他月租或優惠依現場公告為主。 ,22.976081，120.235277,到期日：112.02.22
民營停車場,107041,台灣聯通台南安中停車場,臺南市安南區臺南市安南區怡安路2段535巷6弄4號對面空地,02-25235000,-1,0,46,1,1,1,0,0,24小時,臨停:每小時50元。 其他月租或優惠依現場公告為主。 ,23.043979，120.195405,到期日：112.02.22
民營停車場,107042,順民族停車場,臺南市中西區民族路2段81號,0925-765509,-1,0,27,1,1,0,0,0,上午9點30分至晚上10點30分,臨停費率:平日每小時50元，當日最高收費350元。例假日第1小時100元，第2小時起每小時50元，當日最高收費400元。 停車逾1小時後，未滿半小時者以半小時計費。,22.994521，120.209264,到期日：112.05.31
民營停車場,107045,新興停車場,臺南市南區臺南市南區聖南街83號旁,,-1,0,7,1,0,0,0,0,24小時,其他月租或優惠依現場公告為主。,22.979458，120.190458,月租式停車場 到期日:112.05.31
民營停車場,107050,嘉年華購物中心停車場,臺南市仁德區仁愛里1211號,06-337-8888,-1,0,710,15,16,1,391,10,上午8:30~晚間10:30,每次50元,22.946418，120.221417,到期日:111.11.10
民營停車場,107056,俥亭中華東路停車場,臺南市東區臺南市東區中華東路2段311號旁,06-2089516,-1,0,17,1,1,1,0,0,24小時,臨停:每30分鐘25元。 其他月租或優惠依現場公告為主。 ,22.981901，120.230742,到期日：112.05.31
民營停車場,107057,詮營股份有限公司台南（一）收費處,臺南市歸仁區武東段241地號(高鐵橋下-歸仁八路與歸仁十路間),06-303-2959,-1,0,186,3,5,4,0,0,24小時,臨停費率:每小時20元，第1小時前30分鐘免費。超過30分鐘者，以1小時計費； 第2小時起，未滿30分鐘以半小時計算，逾30分鐘以1小時計算。當日24:00計價截止，隔日另計。,22.928577，120.284453,到期日:112.02.28
民營停車場,107059,竑穗水交社停車場,臺南市南區臺南市南區興昌路南側空地,,-1,0,187,4,4,4,0,0,24小時,臨停:平日每小時30元，假日每小時40元。 其他月租或優惠依現場公告為主。,22.976226，120.199062,到期日：111.11.13
民營停車場,107060,曾文水庫風景區停車場,臺南市楠西區密枝里70號,06-575-3251#6221,-1,15,145,5,4,2,8,1,平常日及冬令期間(11月至翌年3月):上午8時至下午4時45分 例假日及夏令期間(4月至10月):上午8時至下午5時45分,臨停費率:大型車每次50元，小型車每次40元，機車每次20元。,23.210457，120.496897,到期日:112.07.12
民營停車場,107063,虎頭埤風景區附設停車場,臺南市新化區新化區中興路42巷36號(新化段王公廟小段1090-11地號),06-590-1325,-1,1,53,1,1,1,8,1,上午6時30分至下午10時,臨停費率:大型車每台每次70元，小型車每台每次40元，機車每台每次20元，腳踏車每台每次10元。,23.027103，120.335162,到期日:112.07.19
民營停車場,107064,新光三越百貨股份有限公司台南西門分公司停車場,臺南市中西區西門路1段658號,06-303-0999,-1,0,1515,33,31,1,0,0,每日11時至22時，影城至翌日凌晨3時,臨停費率:每小時50元，第1小時以內50元，逾1小時以上每半小時25元。凡當日購物消費滿500元優惠免費停車半小時，消費累計最高以4小時為限， 超出部分均依一般計費標準收費。,22.986936，120.199802,到期日:111.05.03
民營停車場,107066,福吉停車場,臺南市南區臺南市南區健康路2段198巷,06-228-9846,-1,0,19,1,0,0,0,0,24小時,其他月租或優惠依現場公告為主。,22.982099，120.192090,月租式停車場 到期日:112.07.26
民營停車場,107067,臺南萬年二街停車場,臺南市南區臺南市南區萬年二街與萬年五街交叉路口,06-2210036,-1,0,94,2,2,2,0,0,24小時,臨停:每30分鐘20元。 其他月租或優惠依現場公告為主。 ,22.932832，120.188612,到期日:112.05.07
民營停車場,107068,臺南萬年六街停車場,臺南市南區臺南市南區萬年六街與萬年一街交叉路口,06-2210036,-1,0,149,3,3,3,0,0,24小時,臨停:每30分鐘20元。 其他月租或優惠依現場公告為主。,22.932032，120.184744,到期日：112.05.03
民營停車場,107069,臺南萬年五街停車場,臺南市南區臺南市南區萬年五街與萬年七街102巷交叉路口,06-2210036,-1,107,136,3,3,3,0,0,24小時,臨停:大型車每30分鐘40元，小型車每30分鐘20元。 其他月租或優惠依現場公告為主。,22.931939，120.189090,到期日：112.05.03
民營停車場,107070,南科停車場,臺南市善化區臺南市善化區善新段299地號,0971029139,-1,0,48,1,0,0,18,1,24小時,其他月租或優惠依現場公告為主。,23.110159，120.302812,到期日：112.05.10
民營停車場,107073,新光三越百貨股份有限公司台南西門分公司二館停車場,臺南市中西區永福路1段189號地下4樓,06-303-0999,-1,0,212,5,4,1,0,0,臨停費率:每小時50元，第1小時以內50元，逾1小時以上每半小時25元。凡當日購物消費滿500元優惠免費停車半小時，消費累計最高以4小時為限，超出部分均依一般計費標準收費。,上午11時至晚上10時,22.987969，120.200007,到期日:112.08.15
民營停車場,107075,永康區農會停車場,臺南市永康區中正南路635號,06-232-1121,-1,0,12,1,0,0,7,1,上午8時至下午5時,臨停費率:小型車每小時50元，機車每小時10元。 停車時數未滿1小時者，以1小時計算收費。停車時數逾1小時以上，未滿30分鐘折半收費，超過30分鐘，以1小時計費。,23.025496，120.255012,到期日:112.09.16
民營停車場,107076,頑皮世界股份有限公司停車場,臺南市學甲區臺南市學甲區三慶里頂洲75-25號,06-7810326,-1,5,220,6,6,2,64,2,上午8時至下午5時,臨停:大型車免費;小型車每次50元;機車免費。 其他月租或優惠依現場公告為主。,23.283586，120.208742,到期日：112.08.28
民營停車場,107077,思源停車場,臺南市安南區臺南市安南區安和路四段101巷,06-3561247,-1,0,15,1,1,1,0,0,24小時,其他月租或優惠依現場公告為主。,23.053088，120.217740,到期日：112.08.28
民營停車場,107080,台糖長榮酒店（台南）第二停車場,臺南市東區臺南市東區中華東路三段401號(竹篙厝段4064地號),06-337-3880,-1,2,137,2,2,1,0,0,24小時,臨停:每小時30元，未滿1小時者以1小時計算，超過1小時部分每半小時15元 當日於酒店消費滿500元可免費停車1小時，最高累計4小時。,22.973090，120.220453,到期日:112.07.21
民營停車場,107081,助安168台南高鐵停車場,臺南市歸仁區臺南市歸仁區歸仁十路旁高鐵高架橋下（武東段69地號）,02-27546661,-1,0,114,2,2,2,0,0,24小時,臨停每小時30元。 其他月租或優惠依現場公告為主。,22.926631，120.285428,到期日：112.06.30
民營停車場,107082,日月亭五妃廟停車場,臺南市中西區臺南市中西區南門路237巷4號對面,06-2141307,-1,0,61,2,2,2,0,0,24小時,臨停:每30分鐘25元。 其他月租或優惠依現場公告為主。,22.983251，120.204714,到期日：112.08.30
民營停車場,107083,Times台南府連路停車場,臺南市中西區臺南市東區府連路(龍泉段565地號),02-2504-6098,-1,0,21,1,1,1,0,0,24小時,臨停:每30分鐘50元。 其他月租或優惠依現場公告為主。,22.986130，120.217316,到期日：112.08.24
民營停車場,107084,Times台南海安路一段停車場,臺南市中西區臺南市中西區海安路一段(保安段313地號),02-25046098,-1,0,14,1,1,1,0,0,24小時,臨停:每30分鐘50元。 其他月租或優惠依現場公告為主。,22.989340，120.195295,到期日：112.07.17
民營停車場,107085,Times台南永康中正路停車場,臺南市永康區臺南市永康區中正路148巷,02-25046098,-1,0,43,1,1,1,0,0,24小時,臨停:每30分鐘40元。 其他月租或優惠依現場公告為主。,23.031200，120.253589,到期日：112.07.16
民營停車場,107088,五都停車場高鐵台南站,臺南市歸仁區台南高鐵特定區歸仁八路與武當路交叉口,0929-910000,-1,0,414,10,10,1,16,1,24小時,小型車：每小時20元，每日最高120元。 機車：每次30元 ,22.927922，120.283697,到期日:111.12.31
民營停車場,107092,芝凡企業社停車場,臺南市新市區臺南市新市區富林路（新北段105、105-1地號）,0908-130338,-1,0,28,1,0,0,0,0,24小時,其他月租或優惠依現場公告為主。,23.080612，120.290995,到期日：112.10.04
民營停車場,107100,詮營股份有限公司台南(二)收費處停車場,臺南市永康區臺南市永康區中華路893巷(頂南段463、708地號),02-27935818,-1,0,18,1,1,1,21,1,24小時,臨停:汽車每小時30元。 其他月租或優惠依現場公告為主。  ,23.019082，120.223875,到期日：112.05.09
民營停車場,107104,助安168台南善化停車場,臺南市善化區臺南市善化區文賢街25號旁空地(善文段559、561地號),02-27546661,-1,0,26,1,1,1,0,0,24小時,臨停:每小時40元。 其他月租或優惠依現場公告為主。,23.130592，120.293599,到期日:112.09.30
民營停車場,107105,博客停車場開發股份有限公司燦坤鹽行場,臺南市永康區臺南市永康區中正北路45號旁(鹽新段1122、1123地號),02-29488889,-1,0,4,1,0,0,0,0,24小時,臨停:每小時40元。 其他月租或優惠依現場公告為主。,23.041635，120.239120,到期日：112.10.31
民營停車場,107106,臺南市永華國民運動中心停車場,臺南市中西區臺南市中西區中華西路二段30號(環河段2550地號),06-2986111,-1,0,81,2,2,1,115,3,24小時,臨停:汽車每小時20元，機車免費。 其他月租或優惠依現場公告為主。,22.989636，120.188200,到期日：112.09.12
民營停車場,107108,台灣聯通台南安平停車場,臺南市安平區臺南市安平區健康路三段(漁光段48-13、95-2地號),02-25235000,-1,0,164,4,4,4,0,0,24小時,臨停:每小時60元。 其他月租或優惠依現場公告為主。,22.984427，120.163343,到期日：112.11.04
民營停車場,107109,廷勝停車場,臺南市北區臺南市北區開元路485巷內(開元段588-35、588-78地號),0932873368,-1,0,7,1,0,0,0,0,24小時,臨停:每小時30元。 其他月租或優惠依現場公告為主。,23.010761，120.224502,到期日：112.05.31
民營停車場,107110,泰豐停車場,臺南市仁德區中洲里307-2號,06-266-1144,-1,0,0,0,0,0,152,3,上午5時30分晚上12時,臨停費率:機車計日每日20元，月租每月400元，自行車:計日每日10元，月租每月100元,22.904892，120.252826,到期日:112.11.07
民營停車場,107113,歐特儀股份有限公司CARIN和緯站停車場,臺南市北區臺南市北區和緯路2段30號旁空地(正興段761、761-2、761-3、762、763、766、766-1、766-2、738地號),02-27057716,-1,0,47,1,1,1,0,0,24小時,臨停:週一至週五半小時15元，週六至週日半小時20元。 其他月租或優惠依現場公告為主。,23.011260，120.209752,到期日：110.08.31
民營停車場,107114,安怡停車場,臺南市安南區臺南市安南區安中路1段560巷25號旁(怡中段1010、1011、1011-1地號),0928679921,-1,0,11,1,0,0,0,0,上午8時至晚上10時,其他月租或優惠依現場公告為主。,23.041486，120.200338,到期日：112.12.21
民營停車場,107115,新東安臨時停車場,臺南市東區臺南市東區東安路32號(光明段575、576、577地號),0985656060,-1,0,96,1,1,1,0,0,24小時,平日每小時40元，假日50元；停車時數逾1小時以上，其超過不滿1小時部份，如不逾30分鐘者，以半小時計算，如逾30分鐘者，仍以1小時計算。當日最高300元。,22.991875，120.226227,到期日:112.12.04
民營停車場,107116,Times台南永康永二街（月租）停車場,臺南市永康區臺南市永康區永二街258號旁(二王段1226、1228地號),0800-888-924,-1,0,23,1,1,1,0,0,24小時,其他月租或優惠依現場公告為主。,23.018016，120.250224,到期日：112.10.17
民營停車場,107117,五都停車場車寶貝站,臺南市歸仁區臺南市歸仁區歸仁八路與高鐵二路交叉路口(武東段261-1地號),0929-910000,-1,0,135,3,3,1,0,0,24小時,臨停:汽車每小時30元。 其他月租或優惠依現場公告為主。 ,22.927101，120.281072,到期日：112.10.14
民營停車場,107119,Times台南U.I.JHotelHostel停車場,臺南市中西區臺南市中西區友愛街115巷5號,0800-888-924,-1,0,29,1,1,1,0,0,24小時,臨停:每半小時50元。 其他月租或優惠依現場公告為主。,22.990889，120.199656,到期日：111.05.31 
民營停車場,108003,文慧停車場,臺南市關廟區花園一街80號旁(北花段994地號),07-722-0017,-1,0,3,1,0,0,0,0,24小時,年租每年3，000元,22.961623，120.336446,到期日:112.12.24
民營停車場,108004,新光三越百貨股份有限公司台南中山分公司停車場,臺南市中西區中山路162號,06-226-6899,-1,0,268,7,5,1,0,0,上午11時至晚上10時,臨停費率:每小時50元，第1小時前30分鐘不收費，逾1小時以上每半小時25元計算，凡當日購物消費滿500元優惠免費停車半小時，消費累計最高以4小時為限。,22.994518，120.209903,到期日:112.12.31
民營停車場,108006,華成停車場,臺南市安平區臺南市安平區育平9街22巷(金華段54-20、54-21地號),06-2222449,-1,0,3,1,0,0,0,0,24小時,其他月租或優惠依現場公告為主。,22.995908，120.175054,到期日：113.01.13
民營停車場,108007,高雄榮總臺南分院停車場,臺南市永康區臺南市永康區復興路427號旁(永中段479、480、487、488、497地號),06-3125101,-1,0,88,4,2,2,90,5,24小時,臨停:汽車每小時20元，3小時以上每半小時15元；身障優惠前4小時免費，之後依收費標準半價計收;機車：每次10元；另每12小時10元，循環累計。 其他月租或優惠依現場公告為主。 ,22.997604，120.240179,到期日：113.01.15
民營停車場,108009,臺南文南路停車場,臺南市南區臺南市南區文南路128號旁(正義段674、674-1、674-2、674-3、674-4、674-5地號),06-2214597,-1,0,8,1,1,1,0,0,24小時,臨停:每半小時25元。 其他月租或優惠依現場公告為主。,22.985316，120.190104,到期日：113.01.21
民營停車場,108016,高雄榮總臺南分院機車停車場,臺南市東區臺南市東區精忠段153-2地號(高雄榮總台南分院對面),06-3125101,-1,0,0,0,0,0,78,2,24小時,臨停:30分鐘內免費。每12小時計收10元，循環累計。,22.998010，120.239819,到期日：113.02.12
民營停車場,108018,土虱堀停車場,臺南市永康區臺南市永康區永大一路307號對面（文化段135地號）,0939356943,-1,0,21,1,0,0,0,0,24小時,其他月租或優惠依現場公告為主。,23.015416，120.253798,到期日：113.02.21
民營停車場,108019,德根停車場,臺南市永康區臺南市永康區文化街235巷3弄(大灣段6594、6594-1、6594-2、6594-3、6594-4、6594-5地號),0912442870,-1,0,16,1,0,0,0,0,24小時,其他月租或優惠依現場公告為主。,23.014770，120.255979,到期日：113.02.21
民營停車場,108021,新日進停車場,臺南市永康區臺南市永康區永和街與永和街100巷路口（永二段187、188、189、191地號）,0921567152,-1,0,38,1,0,0,0,0,24小時,其他月租或優惠依現場公告為主。,23.017993，120.255046,到期日：113.02.24
民營停車場,108022,Times台南文化二街停車場,臺南市東區臺南市東區文化二街(仁和段1290、1293、1293-1地號),02-2504-6098,-1,0,58,1,1,1,0,0,24小時,臨停:每30分鐘50元。 其他月租或優惠依現場公告為主。,22.977948，120.232590,到期日：112.08.26
民營停車場,108023,安富農停車場,臺南市東區臺南市東區自由路三段155巷30號旁(虎尾寮段500-4、500-5、500-6、500-15、500-16、500-17地號共6筆土地),06-2515766,-1,0,46,1,0,0,0,0,24小時,其他月租或優惠依現場公告為主。,22.981307，120.236274,到期日：113.02.11
民營停車場,108025,奇美醫療財團法人佳里奇美醫院停車場,臺南市佳里區臺南市佳里區興化里606號（興化段349、349-1、349-2、350、350-1、351、351-1、376、381、382地號),06-7263333#32141,-1,0,145,3,4,1,0,0,24小時,臨停:汽車30分鐘內免費，3小時內30元，3小時以後每半小時加收15元;機車：每次10元。,23.182910，120.183744,到期日：113.03.04
民營停車場,108026,成功路停車場,臺南市中西區忠義路2段237號旁(觀音段577、580、581、582地號),02-2778-5756,-1,0,25,1,1,1,0,0,24小時,臨停費率:每半小時50元。 月租部份:每月4，000元。,22.998212，120.204623,到期日:111.08.31
民營停車場,108027,台南西門二停車場,臺南市中西區西門路一段430號旁,06-221-4597,-1,0,45,1,1,1,0,0,24小時,臨停:每小時50元。 月租:每月5，000元。 其他月租或優惠依現場公告為主。,22.982328，120.197710,到期日:111.07.31
民營停車場,108028,臺南站前永發停車場,臺南市東區臺南市東區北門路二段（育樂段6022-1地號）,0972707901,-1,0,0,0,0,0,138,4,24小時,臨停:每次50元。 其他月租或優惠依現場公告為主。,22.998037，120.212468,到期日：112.01.19
民營停車場,108029,科技部南部科學園區管理局台南科學園區第二期標準廠房附屬地下停車場,臺南市新市區臺南市新市區南科三路17號等地下1樓（新科段135地號）,06-2997788,-1,0,212,5,4,4,0,0,24小時,臨停:每小時20元。 其他月租或優惠依現場公告為主。,23.097548，120.281881,到期日：113.03.25
民營停車場,108034,鈦興停車場,臺南市中西區健康路1段390巷地下室,06-214-7465,-1,0,44,1,2,1,0,0,星期一至星期五之上午8時至下午8時,月租部份:每車每月2，400元。,22.981965，120.198724,到期日:113.04.21
民營停車場,108038,阿福停車場,臺南市永康區臺南市永康區永勝街近文化路口（大灣段6562-1、6563-3地號）,0932706799,-1,0,12,1,0,0,0,0,24小時,其他月租或優惠依現場公告為主。,23.015346，120.255115,到期日:113.04.30
民營停車場,108039,中華路停車場,臺南市新營區臺南市新營區中華路5號空地（民權段69地號）,02-27785756,-1,0,8,1,0,0,0,0,24小時,其他月租或優惠依現場公告為主。,23.305048，120.315582,到期日:113.03.31
民營停車場,108040,台灣聯通台南崇明停車場,臺南市東區臺南市東區崇明五街31號旁（竹篙厝段2089、2089-6地號）,02-25235000,-1,0,7,1,0,0,0,0,24小時,臨停:每小時60元。 其他月租或優惠依現場公告為主。 ,22.979940，120.216825,到期日:113.03.31
民營停車場,108042,奇美醫療財團法人柳營奇美醫院,臺南市柳營區太康村201號,06-622-6999,-1,0,296,8,6,1,0,0,24小時,臨停部份:半小時內免費，3小時內30元，3小時以後每小時加收30元，未滿半小時者，以半小計算，超過半小時未滿1小時者，以1小時計算； 每24小時最高上限150元。,23.290288，120.325346,到期日:113.06.08
民營停車場,108043,張瑞祥停車場,臺南市永康區臺南市永康區永大一路（大灣段6448、6448-1、6448-2地號）,0928304282,-1,0,13,1,0,0,0,0,24小時,其他月租或優惠依現場公告為主。,23.017060，120.256840,到期日:113.05.28
民營停車場,108044,阿卡停車場,臺南市中西區臺南市中西區中山路164巷(廣慈段140、140-1地號),0910941145,-1,0,0,0,0,0,197,4,24小時,臨停:第1個小時20元，之後每小時10元。 其他月租或優惠依現場公告為主。,22.995177，120.210320,到期日：112.12.31
民營停車場,108046,阿凡達停車場,臺南市中西區臺南市中西區海安路二段306號旁（普濟段311地號）,0987828828,-1,0,17,1,0,0,0,0,24小時,臨停:每半小時50元。 其他月租或優惠依現場公告為主。,22.999153，120.198312,到期日：113.06.03
民營停車場,108048,龍昇停車場,臺南市歸仁區臺南市歸仁區歸仁大道與歸仁五路交叉路口（武東段130-2、131地號）,06-272-18660977-185-598,-1,0,154,3,3,3,0,0,24小時,每小時20元，每日最高收費150元。,22.929313，120.284886,到期日:113.04.25
民營停車場,108049,中正停車場,臺南市中西區中正路313號旁(府前段1269等地號),06-221-4597,-1,0,92,2,2,2,0,0,24小時,臨停:每半小時30元。 其他月租或優惠依現場公告為主。 ,22.993467，120.195252,到期日:111.01.02
民營停車場,108051,盛川大橋停車場,臺南市永康區臺南市永康區臺鐵大橋站附近（六甲頂段519地號）,0932495212,-1,0,0,0,0,0,35,1,24小時,臨停:每次25元。 其他月租或優惠依現場公告為主。,23.019721，120.224587,到期日：113.06.20
民營停車場,108053,竑穗國泰置地停車場,臺南市中西區臺南市中西區和意路1號B1~B3、B5~B7(南門段1054、1055、1057地號),02-2289846,-1,0,785,22,21,21,1111,24,24小時,臨停：小型車平日第1小時60元，之後每半小時30元，當日最高600元；假日第1小時70元，之後每半小時35元，當日最高600元。機車30元/次。 月租：小型車每月6，000元，機車每月300元。 ,22.988295，120.199559,到期日:113.06.30
民營停車場,108054,臺南新營後站停車場,臺南市新營區臺南市新營區後火車站旁(新營段15、30-3地號),06-2210036,-1,0,14,1,0,0,91,2,24小時,臨停:汽車每半小時25元，機車每次40元。 其他月租或優惠依現場公告為主。 ,23.305807，120.323518,到期日：111.05.25
民營停車場,108055,煙波大飯店停車場,臺南市中西區臺南市中西區永福路1段269號B1~B2（南門段704地號）,06-2156000,-1,0,121,6,3,1,103,6,24小時,臨停:汽車每小時60元，機車每次40元。 其他月租或優惠依現場公告為主。 ,22.989209，120.199897,到期日：113.07.02
民營停車場,108057,噗噗車棧-富農店,臺南市東區臺南市東區富農街一段131巷25弄(富農段911地號),06-3133099,-1,0,38,1,2,2,0,0,24小時,臨停:第1小時30元，之後每半小時15元。 其他月租或優惠依現場公告為主。,22.981733，120.233745,到期日：113.01.28
民營停車場,108058,全聯台南開元停車場,臺南市北區臺南市北區開元路153號,06-2092770,-1,0,12,1,1,1,0,0,24小時,臨停:每30分鐘25元。,23.006991，120.219087,到期日：113.07.22
民營停車場,108059,FOCUS停車場,臺南市中西區中山路166號,06-228-9846,-1,0,241,1,4,1,0,0,6時至24時,臨停部份:計時每小時50元，每半小時25元。緩衝不計費時間:30分鐘內不予計費。 月租部份:每月2，500元。,22.995827，120.21034,到期日:113.03.23
民營停車場,108061,尖山埤江南渡假村停車場,臺南市柳營區旭山里60號,06-623-3888#4360,-1,15,313,7,6,1,0,0,上午8:00至下午17:00,計次收費 小型車:每次50元 大型車:每次80元,23.266749，120.392637,到期日:111.09.06
民營停車場,108062,百創中洲停車場,臺南市仁德區臺南市仁德區臺鐵中洲站旁（中洲東段1086地號）,0903403680,-1,0,0,0,0,0,103,2,24小時,臨停:星期一至五每次15元，星期六、日每次20元。 ,22.904451，120.252904,到期日:111.07.22
民營停車場,108063,五都停車場高鐵台南五站,臺南市歸仁區臺南市歸仁區歸仁十路與武當路口西北側(武東段264地號）,0929910000,-1,0,267,6,6,1,79,2,24小時,小型車每小時20元，每日最高120元。每日計價至午夜12點，隔日另計。停車時數未滿1小時者，以1小時計。停車逾1小時以上，不滿1小時部份，如不逾30分鐘者，以半小時計；如逾30分鐘者，以1小時計。機車每日每次30元。,22.926118，120.283402,到期日:113.01.08
民營停車場,108064,育平健康停車場,臺南市安平區臺南市安平區健康路三段與育平路交叉路口（金華段109地號）,07-5365807,-1,0,298,7,7,7,0,0,24小時,臨停:每30分鐘15元。 其他月租或優惠依現場公告為主。,22.985336，120.166445,到期日:113.03.26
民營停車場,108066,五都停車場高鐵台南三站,臺南市歸仁區武當路與高鐵大道交叉口（武東段268地號）,0929910000,-1,0,59,2,2,1,39,1,小型車每小時20元，每日最高120元。每日計價至午夜12點，隔日另計。停車時數未滿1小時者，以1小時計。停車逾1小時以上，不滿1小時部份，如不逾30分鐘者，以半小時計；如逾30分鐘者，以1小時計。機車每日每次30元。,24小時 ,22.925039，120.283806,到期日:113.03.04
民營停車場,108067,Times台南崇明三街停車場,臺南市東區臺南市東區崇明三街近崇德路口（竹篙厝段1994、1994-33地號）,0800-888-924,-1,0,6,1,0,1,0,0,24小時,臨停:每30分鐘50元。 其他月租或優惠依現場公告為主。,22.981051，120.217600,到期日:113.07.15
民營停車場,108068,Times台南東和路停車場,臺南市東區臺南市東區東和路93號對面（光明段6091地號）,0800-888-924,-1,0,10,1,0,1,0,0,24小時,臨停:每30分鐘50元。,22.998558，120.227979,到期日:113.07.31
民營停車場,108069,永華國平停車場,臺南市安平區臺南市安平區永華路二段與國平路交叉口（金華段93、93-1地號）,0913551117,-1,0,261,6,6,6,0,0,24小時,臨停:每30分鐘20元。 其他月租或優惠依現場公告為主。 ,22.990799，120.170810,到期日：113.03.26
民營停車場,108071,永固便利停車台南一站停車場,臺南市東區臺南市東區中華東路二段75號旁（虎尾寮段371-27、371-22地號）,06-2007163,-1,0,29,1,1,1,0,0,24小時,臨停:每小時60元。 其他月租或優惠依現場公告為主。 ,22.986293，120.233525,到期日:113.09.18
民營停車場,108072,Times台南文平路停車場,臺南市安平區臺南市安平區文平路545號旁（金華段5-1、5-2、5-40地號）,0935988924#9,-1,0,28,1,1,1,0,0,24小時,臨停:每30分鐘50元。 其他月租或優惠依現場公告為主。,22.996401，120.178989,到期日:113.08.31
民營停車場,108075,地王停車場,臺南市中西區臺南市中西區民權路4段232號旁（成光段1504、1505、1509地號）,0989451500,-1,0,27,1,0,0,0,0,24小時,其他月租或優惠依現場公告為主。,22.999237，120.179904,到期日:113.09.22
民營停車場,108076,億載金城停車場,臺南市安平區臺南市安平區光州路3號（金城段41地號）,06-295-1504,-1,2,38,1,1,1,0,0,上午8時至下午6時,大型車每次100元，中型車每次60元，小型車每次30元。,22.988582，120.160021,到期日:113.05.05
民營停車場,108078,台灣聯通台南裕農停車場,臺南市東區裕農路375號旁(新東段77，78，79地號),02-2523-5000,-1,0,139,3,3,1,0,0,24小時,臨停：每小時60元。 月租：每月4，000元。,22.987197，120.229929,到期日:113.08.15
民營停車場,108080,TIMES寶雅台南永康停車場,臺南市永康區中華路106號,02-2504-6098,-1,0,13,1,1,1,0,0,計時每小時50元，逾1小時後以半小時計費。,24小時,23.002719，120.235188,到期日:113.05.31
民營停車場,108083,噗噗車棧-中華店,臺南市永康區臺南市永康區中華路103號旁(兵南段254、263地號),,-1,0,101,2,2,2,0,0,24小時,臨停:每小時50元。 其他月租或優惠依現場公告為主。,23.001708，120.234861,核准期限至112年3月22日
民營停車場,108086,麗新大酒店停車場,臺南市永康區臺南市永康區中正北路222號,06-2538788,-1,0,83,1,1,1,0,0,09:00~21:00,臨停:平日每小時50元，假日：第每小時100元。 其他月租或優惠依現場公告為主。,23.041484，120.245021,到期日:113.11.20
民營停車場,108087,嘟嘟房臺南建平站停車場,臺南市安平區臺南市安平區建平七街418號旁（金華段141-5、141-6、141-17地號）,02-26550818,-1,0,13,1,0,1,0,0,24小時,臨停:每小時40元。 其他月租或優惠依現場公告為主。,22.989297，120.176000,到期日:111.11.30
民營停車場,108088,竑穗東興停車場,臺南市東區臺南市東區東興路(光明段428-2、428-3地號),06-228-9846,-1,0,36,1,1,1,0,0,24小時,臨停:每小時60元。 其他月租或優惠依現場公告為主。,22.991125，120.228695,到期日：112.05.31
民營停車場,108091,永固東寧停車場,臺南市東區臺南市東區東光路與東寧路口（東光段1002、1003地號）,06-2007163,-1,0,316,12,9,2,1057,26,24小時,臨停:汽車每小時每小時50元，機車每次30元。 其他月租或優惠依現場公告為主。,22.990386，120.231433,到期日:113.12.03
民營停車場,108092,興來停車場,臺南市永康區臺南市永康區永二段1225、1225-27地號,0955502848,-1,0,48,2,0,0,0,0,24小時,其他月租或優惠依現場公告為主。,23.017729，120.251141,到期日:113.08.14
民營停車場,108093,六藝復興停車場,臺南市東區臺南市東區自由路三段376號旁（虎尾寮段480-57地號）,0908482533,-1,0,25,1,1,1,0,0,24小時,臨停:每半小時30元。 其他月租或優惠依現場公告為主。,22.981940，120.237316,到期日:113.12.10
民營停車場,108095,竑穗永福停車場,臺南市南區臺南市南區健康路1段近永福路口（鹽埕段1-656、1-657、169-2、168-53、168-3、169-43地號）,06-2289846,-1,0,31,1,1,1,0,0,24小時,臨停:平日每小時60元，假日每小時70元。 其他月租或優惠依現場公告為主。 ,22.981218，120.200060,到期日:113.11.30
民營停車場,109001,臺南市美術館停車場,臺南市中西區臺南市中西區忠義路二段1號(臺南市美術館2館B1、B2),06-2218881,-1,0,543,13,12,12,149,5,24小時,臨停:汽車平日每小時30元，假日每小時40元;機車平日每次10元，假日每次20元。 其他月租或優惠依現場公告為主。,22.989990，120.200950,到期日：113.01.27
民營停車場,109002,崇信浮生六記地下一樓停車場,臺南市東區臺南市東區崇信街97號B1,0910742403,-1,0,43,1,0,0,0,0,24小時,其他月租或優惠依現場公告為主,22.980216，120.227522,到期日:114.01.08
民營停車場,109003,台灣聯通民生停車場,臺南市中西區民生路2段279號,02-2523-5000,-1,0,132,3,2,1,0,0,24小時,臨停：第1小時60元，之後每半小時30元。 月租：每月8，000元。 ,22.996694，120.192082,到期日:113.12.31
民營停車場,109007,HotelA聖禾大飯店停車場,臺南市中西區臺南市中西區西門路二段23號B1~B2,06-2200988,-1,0,34,1,1,1,50,1,24小時,臨停:房客汽車380元/天，機車免費;非房客汽車首半小時25元，之後每半小時40元，機車首半小時15元，之後每半小時25元。 其他月租或優惠依現場公告為主。,22.990961，120.197537,到期日:113.03.31
民營停車場,109008,南紡購物中心停車場,臺南市東區中華東路1段366號,06-236-6222,-1,0,1007,21,27,10,1958,40,24小時,汽車：第1小時50元，之後每半小時25元。 機車：每次20元。 ,22.989882，120.233606,到期日:113.12.29
民營停車場,109009,齊杉建平華平停車場,臺南市安平區臺南市安平區建平七街近華平路口（金華段139地號）,0913551117,-1,0,22,1,1,1,0,0,24小時,臨停:每半小時20元。 其他月租或優惠依現場公告為主 ,22.989508，120.174301,到期日:112.01.19
民營停車場,109010,明德和平停車場,臺南市關廟區臺南市關廟區和平路與明德街口（南花段907、910地號）,0928375896,-1,0,27,1,0,0,0,0,24小時,其他月租或優惠依現場公告為主。,22.960101，120.333570,到期日:114.03.09 
民營停車場,109014,和雲台南成功站停車場,臺南市北區臺南市北區成功路22巷3號（公園段629-2、765、765-7地號）,02-55890899,-1,0,45,2,1,1,0,0,24小時,臨停:每半小時20元。 其他月租或優惠依現場公告為主。,22.999063，120.208996,到期日:111.11.30 
民營停車場,109015,大集停車場,臺南市東區臺南市東區文化二街（仁和段158地號）,0965709388,-1,0,4,1,0,0,0,0,24小時,其他月租或優惠依現場公告為主。,22.975917，120.233461,到期日:114.03.12 
民營停車場,109016,嘟嘟房永康東橋站停車場,臺南市永康區臺南市永康區東橋六街15號對面（橋北段82、82-7~12地號共7筆土地）,02-26550818,-1,0,38,2,2,2,0,0,24小時,臨停:每小時40元。 其他月租或優惠依現場公告為主。,23.019109，120.233972,到期日:112.01.31 
民營停車場,109017,國立臺灣歷史博物館遊客停車場,臺南市安南區臺南市安南區長和路1段250號（和館段48地號部份）,02-89193669,-1,30,171,5,13,5,113,3,24小時,大型車150元/次，小型車50元/次，機車免費。,23.059165，120.231786,到期日:112.12.31 
民營停車場,109018,竑穗東寧停車場,臺南市東區東寧路85號(東寧段231-4、231-5、232-3與232-5等4筆地號),0926-700388*06-2289846,-1,0,66,2,2,2,0,0,24小時,臨停:平日每小時60元，假日每小時70元。 其他月租或優惠依現場公告為主。 ,22.991764，120.222546,到期日:111.03.19
民營停車場,109020,Times台南忠義路二段停車場,臺南市中西區臺南市中西區忠義路二段（觀音段415、416地號）,0800-888-924,-1,0,22,1,0,1,0,0,24小時,臨停:每30分鐘50元。 其他月租或優惠依現場公告為主。,22.997749，120.204697,到期日：111.04.07
民營停車場,109021,Times台南慶東街停車場,臺南市中西區臺南市東區慶東街127巷7號旁（光華段771~775及777地號）,0800-888-924,-1,0,13,1,0,1,0,0,24小時,臨停:每30分鐘50元。 其他月租或優惠依現場公告為主。,22.989897，120.215825,到期日:1090326
民營停車場,109022,楠西區都市計畫停二立體停車場,臺南市楠西區臺南市楠西區民生路12號,06-5751615,-1,0,38,1,1,1,96,2,上午8時至下午5時,臨停:小型車每小時20元，機車每小時10元。 其他月租或優惠依現場公告為主。,23.176599，120.485910,到期日:113.10.01
民營停車場,109023,嘟嘟房台南康樂友愛站停車場,臺南市中西區臺南市中西區康樂街94號旁空地(府前段1318、1319、1320、1321、1322、1323地號),,-1,0,55,2,2,1,0,0,24小時,臨停:每半小時40元。 其他月租或優惠依現場公告為主。 ,22.992852，120.194627,到期日：112.01.08 
民營停車場,109025,邵慈企業社停車場,臺南市中西區臺南市中西區觀亭街110號(觀音段67地號),06-225-7021,-1,0,19,1,0,0,0,0,24小時,其他月租或優惠依現場公告為主。,22.997683，120.206074,到期日:114.03.30
民營停車場,109028,杉霖裕孝路停車場,臺南市東區臺南市東區裕孝路近裕和路口（裕東段424、433地號）,0913551117,-1,0,23,1,1,1,0,0,24小時,臨停:每半小時30元。 其他月租或優惠依現場公告為主。,22.987224，120.243326,到期日:114.04.20
民營停車場,109029,杉霖裕義路停車場,臺南市東區臺南市東區裕義路近裕文路口（裕東段790、804地號）,0913551117,-1,0,28,1,1,1,0,0,24小時,臨停:每半小時30元。 其他月租或優惠依現場公告為主。,22.983162，120.247755,到期日:114.04.20
民營停車場,109030,立暉東門停車場,臺南市東區臺南市東區東門路三段（虎尾段1103地號部份）,06-5702181,-1,0,87,3,2,2,0,0,24小時,臨停:平常日每半小時15元，假日每半小時20元。 其他月租或優惠依現場公告為主。 ,22.976341，120.238140,到期日:112.09.12
民營停車場,109031,富星停車場,臺南市永康區臺南市永康區大同街6號對面（國聖段503、540、941地號）,0912012321,-1,0,61,1,0,0,0,0,24小時,其他月租或優惠依現場公告為主。,23.008398，120.271506,到期日:114.03.23
民營停車場,109032,承莉善化停車場,臺南市善化區臺南市善化區中山路377號,0968-805-889,-1,0,96,3,2,3,0,0,24小時,臨停:每小時20元。 其他月租或優惠依現場公告為主。 ,23.131771，120.291398,臺南市市場處管理06-2796269
民營停車場,109033,俥亭慶平停車場,臺南市安平區臺南市安平區慶平路485號旁（金華段57-26地號）,06-2210036,-1,0,29,1,1,1,0,0,24小時,臨停:每半小時30元。 其他月租或優惠依現場公告為主。,22.996927，120.173206,到期日:114.04.27
民營停車場,109035,ViViPARK永華八街停車場,臺南市安平區臺南市安平區永華八街330號旁（金華段60-1地號）,02-25683773,-1,0,5,1,0,0,0,0,24小時,其他月租或優惠依現場公告為主。,22.996455，120.173083,到期日:113.11.30
民營停車場,109036,ViViPARK安平路一站停車場,臺南市安平區臺南市安平區安平路606巷9號旁（上鯤鯓段586、587、588、589、590、591、592地號）,02-25683773,-1,0,20,1,0,1,0,0,24小時,臨停:每半小時40元。 其他月租或優惠依現場公告為主。 ,22.999310，120.169224,到期日:114.01.31
民營停車場,109037,ViViPARK安平路二站停車場,臺南市安平區臺南市安平區安平路606巷48號對面（上鯤鯓段490、490-2、490-3、491、491-1、491-2地號）,02-25683773,-1,0,25,1,0,0,0,0,24小時,其他月租或優惠依現場公告為主。,23.000521，120.169844,到期日:114.01.31
民營停車場,109038,ViViPARK永華八街二站停車場,臺南市安平區臺南市安平區永華八街298號旁（金華段60-33至60-36地號）,02-25683773,-1,0,19,1,0,1,0,0,24小時,臨停：每半小時40元。 其他月租或優惠依現場公告為主。,22.996250，120.172989,到期日:114.02.28 
民營停車場,109039,新光三越(股)機車停車場,臺南市中西區北門路1段123巷56號,06-2266899,-1,0,0,0,0,0,128,3,上午11時至晚上10時,每半小時5元，不足半小時以半小時計;消費每200元可抵1小時，消費滿1000元可全日免費。,22.994817，120.210246,到期日:112.12.31
民營停車場,109040,Times台南東門路二段第2停車場,臺南市東區臺南市東區東門路2段95號旁（東安段822、904、905、923、925、925-1、926、927地號）,0800-888-924,-1,0,30,1,1,1,0,0,24小時,臨停:每30分鐘50元。 其他月租或優惠依現場公告為主。,22.985931，120.221482,到期日:114.03.15 
民營停車場,109044,竑穗建業停車場,臺南市中西區建業街58號,06-228-9846,-1,0,44,1,1,1,0,0,24小時,平日：第1小時60元，爾後每半小時加收30元，當日最高300元。 假日：第1小時70元，爾後每半小時加收35元，當日最高300元。 月租：3，000元。 ,22.987918，120.205482,到期日:113.05.31
民營停車場,109045,佳里新生停車場,臺南市佳里區臺南市佳里區新生路139號旁,0966655666,-1,0,24,1,1,1,0,0,24小時,臨停:06:00~20:00半小時30元，20:00~06:00半小時20元。 其他月租或優惠依現場公告為主。,23.160301，120.177338,到期日:114.06.08
民營停車場,109046,台灣聯通台南東一停車場,臺南市東區東和路88號東側空地,02-2523-5000,-1,0,6,1,1,1,0,0,24小時,臨停:每小時60元。 其他月租或優惠依現場公告為主。,22.998593，120.226838,到期日:114.06.05
民營停車場,109049,TIMES台南金華路三段停車場,臺南市中西區金華路三段233號北側空地,02-2504-6098,-1,0,22,1,1,1,0,0,24小時,臨停:每30分鐘50元。 其他月租或優惠依現場公告為主。,22.995221，120.193372,到期日:111.04.06
民營停車場,109050,Times台南民生路第2停車場,臺南市中西區臺南市中西區民生路2段59號旁,0800-888-924,-1,0,20,1,1,1,0,0,24小時,臨停:每半小時50元。 其他月租或優惠依現場公告為主。,22.994870，120.197546,到期日：112.04.30
民營停車場,109051,台灣聯通台南東和停車場,臺南市東區東和路102號西側空地,02-2523-5000,-1,0,12,1,1,1,0,0,24小時,臨停:每小時60元。 其他月租或優惠依現場公告為主。,22.998513，120.227428,到期日:114.06.05
民營停車場,109052,臺南南一停車場,臺南市東區民族路一段與民族一街路口(育樂段857、860地號),0926-700388,-1,0,15,1,1,1,0,0,24小時,臨停:每小時60元。 其他月租或優惠依現場公告為主。 ,22.994189，120.215399,到期日:113.12.31
民營停車場,109056,德安百貨本館停車場,臺南市東區中華東路3段360號,06-600-8888,-1,0,372,8,8,1,0,0,24小時,臨停:每小時50元。 其他月租或優惠依現場公告為主。,22.973847，120.220684,到期日:111.08.29 
民營停車場,109057,玉井區農會停車場,臺南市玉井區臺南市玉井區中正路139號,06-5741215,-1,0,90,2,1,1,0,0,24小時,臨停:每半小時25元。 其他月租或優惠依現場公告為主。,23.125309，120.462051,到期日：112.04.25 
民營停車場,109058,馬雅各紀念大樓地下停車場,臺南市麻豆區麻豆區苓子林20號,06-5702228#1197,-1,0,48,2,1,1,0,0,24小時,臨停:30分鐘內免費；31分起開始計費，4小時內，收費30元；逾4小時者，每半小時增收5元。 其他月租或優惠依現場公告為主。,23.180225，120.232857,到期日:114.08.26 
民營停車場,109059,黃家停車場,臺南市永康區永康區勝華街與勝利街口東北側（兵北段288地號）,0910-831839,-1,0,41,1,0,0,0,0,24小時,其他月租或優惠依現場公告為主。,23.006501，120.233034,到期日:114.06.30 
民營停車場,109060,樂樂停車房東區仁和場,臺南市東區臺南市東區中華東路3段77巷24-1號旁,0965667578,-1,0,45,1,1,1,0,0,24小時,臨停:每小時60元。 其他月租或優惠依現場公告為主。,22.978965，120.228298,到期日:114.05.31 
民營停車場,109061,竑穗西華停車場,臺南市北區西華街36號(公園段267地號),06-228-9846,-1,0,15,1,1,1,0,0,24小時,臨停:平日每小時，假日第每小時70元。 其他月租或優惠依現場公告為主。 ,22.999530，120.210705,到期日:114.08.31
民營停車場,109062,Times台南育平九街停車場,臺南市安平區臺南市安平區育平九街126號旁,0809008924,-1,0,51,1,1,1,0,0,24小時,每半小時30元。其他月租或優惠依現場公告為主。,22.995241，120.172343,到期日:114.07.02
民營停車場,109063,日月亭武東停車場,臺南市歸仁區歸仁區歸仁十三路近高發三路口（武東段164地號）,06-2210036,-1,0,336,8,8,8,0,0,24小時,臨停:每半小時30元。 其他月租或優惠依現場公告為主。,22.925586，120.292727,到期日:114.05.20 
民營停車場,109065,助安168台南西門停車場,臺南市中西區西門路1段660號B3~B5,02-27546661,-1,0,388,8,8,8,0,0,24小時,計時：每半小時35元。 月租：每月6，000元。 ,22.988343，120.198262,到期日：110.12.31
民營停車場,109067,南紡置地廣場停車場,臺南市東區中華東路1段358號,06-2366222,-1,0,495,14,23,10,0,0,24小時,臨停:汽車每小時50元，機車每次20元。 其他月租或優惠依現場公告為主。,22.992322，120.233323,到期日:114.09.14
民營停車場,109068,杉霖國安宜居停車場,臺南市安南區國安街210巷與國安街156巷51弄路口（國安段791-5至791-9地號）,0913551117,-1,0,168,4,4,4,0,0,24小時,臨停:每30分鐘30元。 其他月租或優惠依現場公告為主。 ,23.023425，120.185994,到期日:114.08.13
民營停車場,109069,Times台南北成路停車場,臺南市北區北成路50號旁（北安段1775地號）,0809008924,-1,0,49,1,1,1,0,0,24小時,臨停:每半小時50元。 其他月租或優惠依現場公告為主。,23.018898，120.210122,到期日:114.08.19
民營停車場,109073,竑穗北安停車場,臺南市北區北安路1段145號旁,0926700388,-1,0,14,1,1,1,0,0,24小時,臨停:每小時60元。 其他月租或優惠依現場公告為主。,23.017262，120.208961,到期日:112.07.31
民營停車場,109074,竑穗永華停車場,臺南市安平區永華路2段701號後方（金華段135地號）,0926700388,-1,0,43,1,1,1,0,0,24小時,臨停:平日每小時60元，假日每小時70元。 其他月租或優惠依現場公告為主。 ,22.990331，120.171921,到期日:112.09.20 
民營停車場,109076,Times燦坤台南永華二店停車場,臺南市安平區臺南是安平區永華路二段35號,0809008924,-1,0,9,1,1,1,0,0,24小時,臨停:每半小時30元。 其他月租或優惠依現場公告為主。,22.989024，120.185767,到期日:111.02.28 
民營停車場,109077,及泰衛民二停車場,臺南市中西區臺南市中西區衛民街78號旁空地(青年段225、240地號),02-27546661,-1,0,7,1,0,1,0,0,24小時,臨停:每半小時40元。 其他月租或優惠依現場公告為主。,22.993046，120.209807,到期日：111.10.31 
民營停車場,109080,臨安民生路停車場,臺南市中西區民生路二段374號旁,06-312-1033,-1,0,29,1,1,1,0,0,24小時,臨停:每小時收費50元。 其他月租或優惠依現場公告為主。,22.997775，120.188810,到期日:111.08.31
民營停車場,109088,橋南停車場,臺南市鹽水區南門路14號,0919251900,-1,0,10,1,0,0,0,0,下午13時至晚上23時,臨停:每次150元。 其他月租或優惠依現場公告為主。,23.315757，120.267109,到期日:114.11.26
民營停車場,109090,台灣聯通台南大德停車場,臺南市南區樹林街2段253號B1、B2,02-25235000,-1,0,39,1,1,0,0,0,24小時,臨停:每小時60元。 其他月租或優惠依現場公告為主。,22.985851，120.195874,到期日:114.08.31
民營停車場,109094,Times臺南一中體育館停車場,臺南市東區臺南市東區東寧路臺南一中體育館B1,0809008924,-1,0,44,1,1,1,0,0,24小時,臨停:每半小時30元。 其他月租或優惠依現場公告為主。,22.992383，120.218642,到期日:114.12.29 
民營停車場,110001,台南市立醫院停車場,臺南市東區崇德路670號,06-2902505,-1,0,127,4,4,1,54,2,24小時,臨停:汽車未滿30分鐘免費，超過30分鐘，每小時收費20元，機車每次10元。 其他月租或優惠依現場公告為主。,22.968726，120.226791,到期日:112.06.30
民營停車場,110003,長春停車場,臺南市新營區長春街154-2號西側,0933-690808,-1,0,5,1,0,0,0,0,上午5時至晚上10時,臨停:每天每次50元。 其他月租或優惠依現場公告為主。,23.301409，120.310874,到期日:114.11.24
民營停車場,110005,挺衛停車場,臺南市北區公園路798號B1,06-2525302,-1,0,27,1,1,1,0,0,24小時,臨停每小時20元。 月租2，500元。 ,23.011769，120.212170,到期日:112.12.31
民營停車場,110006,竑穗興濟二站停車場,臺南市中西區中成路32號（觀音段279、280地號）,06-2289846,-1,0,29,1,1,1,0,0,24小時,臨停每半小時50元。 月租6，000元。 ,22.997492，120.205211,到期日:115.01.24
民營停車場,110007,Times台南民族路一段停車場,臺南市東區民族路1段17巷37號對面,0809008924,-1,0,26,1,1,1,0,0,24小時,每半小時30元,22.993686，120.215775,到期日:115.01.25
民營停車場,110008,竑穗富北停車場,臺南市北區臺南市北區富北街(北門派出所後方),06-2224851,-1,0,9,1,1,1,0,0,24小時,臨停:平日每小時60元，假日每小時70元。 其他月租或優惠依現場公告為主。,22.998071，120.211587,到期日110.12.31
民營停車場,110009,臺南市美術館1館停車場,臺南市中西區南門路37號B1,06-2218881,-1,0,22,2,1,1,0,0,上午10時至下午10時,小型車平日30元/時，假日40元/時。 機車平日10元/次，假日20元/次。 ,22.991101，120.205741,到期日:115.02.01
民營停車場,110010,崇明大樓室內停車場,臺南市東區崇明路268號地下一樓,0937-054734,-1,0,9,1,0,0,0,0,24小時,其他月租或優惠依現場公告為主。,22.978115，120.219239,到期日:114.12.16
民營停車場,110011,竑穗家樂福中正店停車場,臺南市永康區中正南路358號2F,06-2289846,-1,0,121,5,4,3,0,0,24小時,平日第1小時60元，之後每半小時加收30元，當日最高600元。 假日第1小時70元，之後每半小時加收35元，當日最高600元。 月租3，000元。 ,23.032440，120.228038,到期日:115.02.24
民營停車場,110012,Times台南安平路停車場,臺南市安平區安平路606巷2號旁,0809008924,-1,0,12,1,0,1,0,0,24小時,平日每半小時30元，當日最高150元。 假日每半小時40元，無最高收費優惠。 ,22.999390，120.169414,到期日:114.12.31
民營停車場,110013,永科停一停車場,臺南市永康區臺南市永康區永科環路397號（王行段9地號）,06-2026605,-1,0,61,3,2,1,21,1,24小時,小型車臨停第1小時50元，之後每半小時加收25元；月租3，000元。機車每日每次30元。,23.043730，120.275045,到期日:115.03.03 
民營停車場,110014,永科停二停車場,臺南市永康區臺南市永康區永科環路300號（王行段37地號）,06-2026605,-1,0,21,1,1,1,51,1,24小時,小型車臨停第1小時50元，之後每半小時加收25元；月租3，000元。機車每日每次30元。,23.047566，120.278709,到期日:115.03.03 
民營停車場,110015,永科停三停車場,臺南市永康區臺南市永康區永科一路19號（王行段110地號）,06-2026605,-1,0,56,2,2,1,42,1,24小時,小型車臨停第1小時50元，之後每半小時加收25元；月租3，000元。機車每日每次30元。,23.044247，120.281664,到期日:115.03.03 
民營停車場,110016,永科停四停車場,臺南市永康區臺南市永康區永科環路309號（王行段93地號）,06-2026605,-1,0,63,2,2,1,38,1,24小時,小型車臨停第1小時50元，之後每半小時加收25元；月租3，000元。機車每日每次30元。,23.040586，120.274617,到期日:115.03.03 
民營停車場,110017,永科停五停車場,臺南市永康區臺南市永康區永科三路77號（王行段116地號）,06-2026605,-1,0,60,2,2,1,56,1,24小時,小型車臨停第1小時50元，之後每半小時加收25元；月租3，000元。機車每日每次30元。,23.041279，120.278343,到期日:115.03.03 
民營停車場,110018,永科停六停車場,臺南市永康區臺南市永康區永科環路199號（王行段209地號）,06-2026605,-1,0,43,2,1,1,17,1,24小時,小型車臨停第1小時50元，之後每半小時加收25元；月租3，000元。機車每日每次30元。,23.036258，120.275923,到期日:115.03.03 
民營停車場,110019,永科停七停車場,臺南市永康區臺南市永康區永科東路3號（王行段148地號）,06-2026605,-1,0,44,2,1,1,41,1,24小時,小型車臨停第1小時50元，之後每半小時加收25元；月租3，000元。機車每日每次30元。,23.036673，120.281754,到期日:115.03.03
民營停車場,110020,永科停八停車場,臺南市永康區臺南市永康區永科南路160號（王行段211地號）,06-2026605,-1,0,32,1,1,1,42,1,24小時,小型車臨停第1小時50元，之後每半小時加收25元；月租3，000元。機車每日每次30元。,23.032983，120.276786,到期日:115.03.03
民營停車場,110021,長安停車場,臺南市安南區臺南市安南區鎮安一街（長安段1119地號）,0915629999,-1,0,5,1,0,0,0,0,24小時,月租每月1，000元,23.064826，120.198598,到期日:114.11.15
民營停車場,110022,蓮潭南街停車場,臺南市善化區台南市善化區蓮潭南街與月眉園路交叉口(善新段294地號),0929634027,-1,0,40,1,0,0,0,0,24小時,月租每月2，000元,23.110772，120.303818,到期日:114.12.13
民營停車場,110023,助安168台南衛民停車場,臺南市中西區衛民街67號,02-27546661,-1,0,26,1,1,1,0,0,24小時,臨停:平日每半小時30元.假日每半時50元;月租8，000元。 其他月租或優惠依現場公告為主。,22.992878，120.210159,到期日:111.12.31
民營停車場,110025,仁義停車場,臺南市仁德區台南市仁德區仁義路98巷(鍾厝段729、730地號),0955667668,-1,0,54,1,0,0,0,0,24小時,月租每月1，200元,22.967563，120.254952,到期日:114.12.29
民營停車場,110026,豐勝通運有限公司停車場,臺南市永康區台南市永康區復興路近國道一號高速公路(中45，56，57，61，62地號),06-3039996,-1,55,0,0,0,0,0,0,24小時,臨停:每次600元，隔日零時重新計價。 月租5，000元。 ,22.998611，120.246924,到期日:114.12.31
民營停車場,110027,臺南圖書總館地下停車場,臺南市永康區台南市永康區康橋大道255號B2,06-2087743,-1,0,108,3,3,3,173,4,24小時,小型車臨停30元/時，停車未滿1小時者，以1小時計費;停車時數逾1小時以上，其超過之不滿1小時部份，如不逾30分鐘者，以半小時計算;如逾30分鐘者，仍以1小時計算收費 月租每月4，500元，機車每日每次30元;月租每月1，000元,23.024759，120.237668,到期日:115.3.31
民營停車場,110028,Times台南東區生產路停車場,臺南市東區生產路614號旁(德高段577、577-4地號),02-2504-6098,-1,0,72,1,1,1,0,0,24小時,每30分鐘30元，當日最高收費150元,22.965842，120.231489,到期日:112.01.09
民營停車場,110029,Times台南忠義府前停車場,臺南市中西區忠義路一段96號旁(南門段105、105-1、105-2、106、106-1地號),0935988924,-1,0,17,1,1,1,0,0,24小時,平日每30分鐘30元，當日最高收費200元;假日每30分鐘50元，無最高收費優惠。,22.988064，120.202056,到期日:115.04.19
民營停車場,110031,成功大學大學路地下停車場,臺南市東區台南市東區大學路1號(東寧段53地號),06-2089516,-1,0,124,2,3,3,0,0,24小時,臨停:每半小時25元 月租:每月5，000元,22.996275，120.222427,到期日:112.1.31
民營停車場,110032,竑穗家樂福仁德店停車場,臺南市仁德區台南市仁德區中山路711號B2,06-2289846,-1,0,155,3,3,3,0,0,24小時,平日第1小時30元，之後每半小時加收15元，當日最高300元。 假日第1小時40，元，之後每半小時加收20元，當日最高400元。 月租2，000元。,22.972758，120.246604,到期日:114.12.6
民營停車場,110033,春長停車場,臺南市永康區國光二街32號旁(大彎段7829、7832地號),06-271-6969,-1,0,21,1,0,0,0,0,24小時,月租每月1，000元,23.002015，120.258950,到期日:115.05.24
民營停車場,110035,俥亭康樂街停車場,臺南市中西區臺南市中西區康樂街195號旁(星鑽段1926地號),06-2223863,-1,0,15,1,1,1,0,0,24小時,臨停:每半小時40元。 月租:每月5，000元。,22.994673，120.194782,到期日：113.02.15
民營停車場,110036,奇美醫療財團法人奇美醫院停車場,臺南市永康區中正南路52巷(頂南段598~602、604、607-1、607-2、608、610~615、616-1、617-1、618~620、798、799、802~805地號等26筆土地),06-243-2189,-1,0,231,6,4,1,861,23,24小時,汽車：每半小時20元。 機車：每次10元。 ,23.020665，120.221036,到期日:113.11.26
民營停車場,110037,永康奇美醫院第三停車場,臺南市永康區臺南市永康區中正南路52巷82弄內(頂南段905、939、940、947、961地號),06-243-2189,-1,0,146,4,3,1,0,0,24小時,臨停:每半小時15元。,23.019841，120.218857,到期日:112.12.05
民營停車場,110038,俥亭西門停車場,臺南市中西區台南市中西區友愛街177號對面(府前段51-63、70-84地號等28筆土地),0953399729,-1,0,65,2,2,2,0,0,24小時,臨停:每半小時30元 月租:每月5，000元,22.991856，120.197839,到期日:112.1.14
民營停車場,110040,Times台南樹林開山停車場,臺南市中西區台南市中西區樹林街二段92號旁空地(郡王祠段1402、1442、1443地號),02-2504-6098,-1,0,39,1,1,1,0,0,24小時,臨停:每半小時30元，當日最高收費200元,22.986574，120.208403,到期日:110.05.31
民營停車場,110041,台灣聯通台南樹林停車場,臺南市中西區樹林街二段290號西側空地（建興段6000-6地號）,02-2523-5000,-1,0,24,1,1,1,0,0,24小時,臨停:平日每半小時20元，假日每半小時40元 月租3，000元 ,22.986522，120.201384,到期日:115.02.28
民營停車場,110042,竑穗成大醫院汽機車停車場,臺南市北區台南市北區小東路35號B1至B3,06-2289846,-1,0,424,10,9,9,477,9,24小時,臨停:小型車第1、2小時每小時20元，之後每半小時加收20元，當日最高400元;月租3，000元 機車:計次20元,23.001945，120.217756,到期日:113.11.30
民營停車場,110043,第五醫療大樓獎勵增設停車空間停車場,臺南市永康區臺南市永康區中華路901號第五醫療大樓1F、B1、B2（北區康祥段1、1-3、2地號）,06-2432189,-1,0,50,1,1,1,0,0,07：00~19：00,臨停:每半小時20元。,23.018818，120.221598,到期日：113.07.09
民營停車場,110045,圳南停車場,臺南市西港區台南市西港區中山路232之1號旁(港南段568、568-1至568-5地號共6筆土地),0933731854，0933097202,-1,0,18,1,0,0,0,0,24小時,月租每月1，300元,23.119877，120.203768,到期日:115.6.30
民營停車場,110046,永全停車場,臺南市永康區台南市永康區龍埔街近中山路口(四維段540地號),0963066819,-1,0,17,1,0,0,0,0,24小時,月租每月1，500元,23.035126，120.254403,到期日:115.6.30
民營停車場,110047,人上人停車場,臺南市東區長榮路2段60號(東安段247及655地號),06-511-8086,-1,0,25,1,1,1,0,0,24小時,臨停：每半小時15元，每日最高收費180元。  ,22.988114，120.219378,到期日:113.01.07
民營停車場,110048,宜舍文南路停車場,臺南市南區台南市南區文南路128號旁(正義段674、674-1至674-5地號),0953399729,-1,0,8,1,1,1,0,0,24小時,臨停:每半小時25元 月租每月5，000元,22.985368，120.190063,到期日:113.2.28
民營停車場,110049,俥亭永康站前停車場,臺南市永康區台南市永康區永康火車站前東側(永康段33-4、33-5、33-6地號部份),06-2210036,-1,0,0,0,0,0,118,3,24小時,臨停:每日每次30元 月租:每月800元,23.038631，120.254053,到期日:113.5.19
民營停車場,110051,育安停車場,臺南市安南區台南市安南區育安四街(新順段945、945-1地號),0925106260,-1,0,20,1,0,0,0,0,24小時,月租每月2，000元,23.047124，120.216991,到期日:115.7.15
民營停車場,110052,客萊停有限公司衛民停車場,臺南市中西區台南市中西區衛民街148號旁(中山段275地號),0933204431,-1,0,4,1,0,1,0,0,24小時,臨停:平日每半小時30元，當日最高250元;假日每半小時50元，無上限優惠。 月租8，000元。,22.99362120.20738,到期日:113.4.30
民營停車場,110053,南風村停車場,臺南市東區台南市東區中華東路一1段92號地下二樓(東光段99地號),06-2013561,-1,0,115,3,3,1,0,0,24小時,臨停:每小時60元。 月租:每月4，000元。 ,22.995468，120.234068,到期日:111.03.31
民營停車場,110055,台灣大車位民生場停車場,臺南市中西區台南市中西區民生路二段300號旁(星鑽段755、756地號),0908973688,-1,0,9,1,0,1,0,0,24小時,臨停:第一小時50元，之後每半小時25元。,22.99731，120.19090,到期日:113.4.30
民營停車場,110056,中華世家停車場,臺南市北區台南市北區大武街541巷(康祥段140地號部份),06-2514905,-1,0,48,1,0,0,0,0,24小時,月租每月1，000元,23.017716，120.220471,到期日:112.12.31
民營停車場,110057,南台街福太停車場,臺南市永康區台南市永康區南台街54巷159號對面(頂中段509地號),06-2550396,-1,0,17,1,0,0,0,0,24小時,月租每月1，000元,23.023975，120.221835,到期日:115.8.4
民營停車場,110058,玖鑫物業管理顧問有限公司玖鑫停車場,臺南市東區臺南市東區中華東路一段66、68、70號地下2樓,06-2013561,-1,0,95,2,2,2,0,0,6時至24時,臨停:每小時20元。 其他月租或優惠依現場公告為主。,22.99667，120.23412,到期日111.05.31
民營停車場,110059,台灣聯通台南永康停車場,臺南市永康區中山南路119巷12號旁（永康段1551地號）,02-2523-5000,-1,0,43,1,1,1,0,0,24小時,臨停每半小時20元；月租每月5，000元。 其他月租或優惠依現場公告為主。,23.013630，120.229683,到期日:115.06.30
民營停車場,110060,和館停車場,臺南市安南區環館路與環館五路交叉口（和館段27-1地號）,06-2289846,-1,60,279,6,6,6,0,0,24小時,大型車臨停第1小時50元，之後每半小時25元；月租2，000元。 小型車臨停第1小時20元，之後每半小時10元；月租1，000元。 ,23.063162，120.232351,到期日:114.08.23
民營停車場,110061,台灣聯通台南文賢停車場,臺南市北區文賢路1080巷40號對面（文元段840至843地號）,02-25235000,-1,0,12,1,0,1,0,0,24小時,臨停每小時20元；月租每月4，000元。,23.015437，120.194679,到期日:115.06.30
民營停車場,110062,台灣聯通台南小東停車場,臺南市東區小東路190號旁空地（光明段6071-2地號）,02-2523-5000,-1,0,30,1,1,1,0,0,24小時,臨停00:00至18:00每小時20元，18:00至00:00每小時40元。 月租每月4，000元。  其他月租或優惠依現場公告為主。,22.999756，120.227488,到期日:114.12.31
民營停車場,110063,台灣聯通台南赤崁停車場,臺南市中西區赤崁街61號旁（赤崁段162、163地號）,02-25235000,-1,0,1,1,0,1,0,0,24小時,臨停每小時80元；月租每月5，000元。,22.998757，120.202583,到期日:114.02.28
民營停車場,110064,TimesUniqlo台南文賢路店平面停車場,臺南市北區文賢路996號,02-2504-6098,-1,0,45,1,1,1,0,0,24小時,臨停:週一至週五計時每半小時10元，週六至週日計時每半小時20元。 其他月租或優惠依現場公告為主。,23.012586，120.194221,到期日:115.03.31
民營停車場,110066,永固便利停車新凱旋停車場,臺南市東區臺南市東區東光路一段與凱旋路交叉口空地,06-2007163,-1,0,296,6,7,1,0,0,24小時,臨停每小時50元；月租每月5，000元。 其他月租或優惠依現場公告為主。 ,22.993337，120.229790,到期日：113.10.31
民營停車場,110068,林森停車場,臺南市北區林森路三段138號旁（仁愛段76-4地號）,06-3121033,-1,0,115,4,3,3,0,0,24小時,臨停:每小時40元。 月租:每月3，500元。 ,23.005235，120.225037,到期日:111.12.31
民營停車場,110070,永大一路251巷停車場,臺南市永康區永大一路251巷（大灣段6547地號）,0928349010,-1,0,12,1,0,0,0,0,24小時,月租:每月1，000元,23.016189，120.255252,到期日:115.09.13
民營停車場,110071,和雲台南富農街停車場,臺南市東區富農街一段209號旁（富農段294地號）,02-55890899,-1,0,15,1,1,1,0,0,24小時,臨停:每小時30元。 月租:每月3，500元。 ,22.983683，120.235156,到期日:113.06.30
民營停車場,110072,五都停車場車寶貝二站,臺南市歸仁區高鐵二路與歸仁十路交叉口（武東段264-1地號）,0929910000,-1,0,56,2,2,2,0,0,24小時,每小時20元,22.925590，120.281924,到期日:115.07.14
民營停車場,110073,五都停車場高鐵台南二站,臺南市歸仁區高鐵一路（武東段366-9至366-11地號）,0923950000,-1,0,83,2,2,2,0,0,24小時,每小時20元,22.922345，120.282878,到期日:115.07.31
民營停車場,110074,善新停車場,臺南市善化區善新大道近龍目井路(善新段90地號),0978173835,-1,0,112,2,0,0,0,0,24小時,其他月租或優惠依現場公告為主。,23.111524，120.310671,到期日:114.08.27
民營停車場,110075,竑穗安平古堡停車場,臺南市安平區安平路185號（漁港段85地號）,06-2289846,-1,5,39,2,1,1,0,0,24小時,大型車：每次每日200元，月租每月3，000元。 小型車：每小時40元，月租每月2，200元。 ,22.999973，120.160328,到期日:112.09.29
民營停車場,110079,衛生福利部臺南醫院收費停車場,臺南市中西區臺南市中西區中山路125號,06-2200055#2506,-1,0,253,8,6,6,460,10,24小時 ,汽車：每半小時30元。 機車：每次20元，每12小時累計1次。 ,22.995136，120.20891,到期日:113.09.19
民營停車場,110080,新營區三民路站前停車場,臺南市新營區臺南市新營區三民路與三民路8巷交叉口（民族段706地號）,06-6322015,-1,0,79,2,2,2,428,10,24小時,小型車每日每次30元，機車每日每次10元，未滿1小時均免費。,23.307545，120.321039,到期日:111.08.30
民營停車場,110081,宏益停車場,臺南市永康區臺南市永康區中山路411號旁,06-2327260,-1,0,0,0,0,0,186,4,05:30~23:00,按日次收費，每日20元。,23.037419，120.254003,到期日：115.09.30
民營停車場,110082,方便停台南府前場停車場,臺南市安平區安平區府前路2段612號旁,0800-000-407,-1,0,40,1,1,1,0,0,24小時,臨停:每半小時40元，當日最高300元。 月租:每月3，000元。 ,22.993673，120.184637,到期日:112.10.14
民營停車場,110083,方便停台南中華西路場停車場,臺南市中西區中西區中華西路2段76號旁,0800-000-407,-1,0,7,1,0,1,0,0,24小時,臨停:每半小時40元，當日最高300元。 月租:每月3，000元。 ,22.994034，120.186776,到期日:112.10.19
民營停車場,110084,竑穗成大勝利停車場,臺南市東區東寧路15巷近長榮路3段,06-2289846,-1,0,84,2,2,2,0,0,24小時,平日每小時60元，假日每小時70元。 月租每月3，000元。 ,22.992926，120.220918,到期日:113.10.20
民營停車場,110085,化石館停車場,臺南市左鎮區榮和里61-23號對面,0952465905,-1,0,27,1,1,1,0,0,每半小時30元,24小時,23.064119，120.388915,到期日:113.04.14
民營停車場,110086,竑穗兵仔市停車場,臺南市永康區中華一路65號旁,06-2289846,-1,0,29,1,1,1,0,0,24小時,臨停每小時60元。 月租每月3，500元，固定車位5，500元。 ,23.004193，120.236711,到期日:113.08.31
民營停車場,110087,康睿大樓地下停車場,臺南市新營區隋唐街218號B1、B2,06-6592345,-1,0,35,1,1,1,0,0,07:30至18:00，週六、週日不開放。,每小時20元,23.308444，120.300368,到期日:115.11.07
民營停車場,110088,台灣聯通台南忠義停車場,臺南市中西區忠義路2段177號旁(觀音段718、726、727、728地號),02-2523-5000,-1,0,13,1,1,0,0,0,24小時,臨停平日每半小時15元，假日每半小時30元； 月租5，000元。 ,22.996748，120.204157,到期日:115.06.15
民營停車場,110089,三亞停車場,臺南市新市區新市區富安七街32號旁,0932868931,-1,0,17,1,0,0,0,0,24小時,月租每月2，000元,23.083189，120.294399,到期日:115.11.15
民營停車場,110090,田橋停車場,臺南市新市區新市區富安五街22號旁,0912173588,-1,0,29,1,0,0,0,0,24小時,月租每月1，800元,23.081825，120.291493,到期日:115.11.15
民營停車場,110091,嘟嘟房台南和緯站停車場,臺南市北區和緯路2段53號對面,02-26550818,-1,0,47,1,1,1,0,0,24小時,臨停每小時30元 月租每月2，500元 ,23.011136，120.209889,到期日:113.09.30
民營停車場,110092,善西停車場,臺南市善化區蓮潭南街與善新西路交叉口（善新段271-1地號）,0929761632,-1,0,10,1,0,0,0,0,24小時,月租每月1，500元,23.110980，120.303032,到期日:115.08.02
民營停車場,110093,衛生福利部新營醫院附設停車場,臺南市新營區臺南市新營區信義街73號(民治段359地號),06-6351131#2308,-1,0,77,3,2,1,0,0,24小時,臨停:每小時20元。 其他月租或優惠依現場公告為主。,23.308246，120.313372,到期日：115.11.28
民營停車場,110094,俥亭永康復華停車場,臺南市永康區復華一街180號對面（永華段1390地號）,06-3121033,-1,0,29,1,1,1,0,0,24小時,臨停:每小時30元。 月租:每月3，000元。 ,23.005519，120.241833,到期日:115.12.01
民營停車場,110095,新長越民權路停車場,臺南市中西區臺南市中西區民權路2段254號空地（新美段578地號）,02-27785756,-1,0,14,1,0,1,0,0,24小時,平日每半小時30元，假日每半小時50元。 其他月租或優惠依現場公告為主,22.996007，120.200376,到期日:112.10.31
民營停車場,110096,Times台南民族路二段停車場,臺南市中西區臺南市中西區民族路2段149號旁（中山段500地號部份）,0800888924,-1,0,5,1,0,1,0,0,24小時,平日每15分鐘15元，假日每15分鐘25元。 其他月租或優惠依現場公告為主。,22.995079，120.207371,到期日:112.10.31
民營停車場,110097,GoParking台南永康五福街停車場,臺南市永康區五福街71號旁（南新段476-2地號）,0965338876,-1,0,39,1,1,1,0,0,24小時,臨停每30分鐘30元，月租每月3，000元。,23.013376，120.233942,到期日:112.11.03
民營停車場,110098,ViViPARK台南東安路停車場,臺南市東區東安路241號對面（光明段613-2、613-4、635地號）,02-25366655,-1,0,34,1,1,1,0,0,24小時,臨停平日每半小時15元，假日每半小時30元(停車未滿1小時以1小時計費，逾1小時以上，未滿半小時以半小時計費)； 月租每月6，000元。 ,22.996197，120.227295,到期日:115.12.16
民營停車場,110099,竑穗中醫安南停車場,臺南市安南區臺南市安南區長和路二段66號(長和段865、865-1、866地號),06-356-3290,-1,0,190,6,4,4,0,0,24小時,每小時30元,23.064159，120.223784,到期日:111.12.31
民營停車場,110101,國賓停車場,臺南市北區成功路2號B3,06-2223316,-1,0,82,1,1,1,0,0,24小時,第1小時40元，第2小時(以後)每小時30元。停車時數未滿1小時者，以1小時計費，停車時數超過1小時以上，其超過之不滿1小時部分，如不逾30分鐘者，以半小時計費，如逾30分鐘者，仍以1小時計費。每日最高200元。,22.997992，120.211422,到期日:115.05.31
民營停車場,110103,台南活水路樹谷園區停車場,臺南市新市區活水路1號,06-588-9955,-1,0,242,6,6,11,32,0,24小時,臨停每小時20元。 月租每月2，000元(不含星期六、日及國定假日)。 其他月租或優惠依現場公告為主。,23.104445，120.261405,到期日:115.11.15
民營停車場,110104,新化區廣停二地下停車場,臺南市新化區中正路498號B1~B3,06-5905599,-1,0,52,2,2,1,0,0,24小時,臨停每次50元。 月租每月1，800元。 ,23.038342，120.307527,到期日:115.12.15
民營停車場,110106,竑穗善化中正停車場,臺南市善化區光明路70號旁（善中段332地號）,06-2289846,-1,0,8,1,1,1,0,0,24小時,臨停每小時40元，月租每月1，500元。,23.130524，120.294323,到期日:114.10.14
民營停車場,110107,育成好好停車場,臺南市北區育成路191巷31弄（北元段354地號）,0974277232,-1,0,32,1,0,0,0,0,24小時,月租每月1，700元,23.017828，120.206052,到期日:115.12.23
民營停車場,110108,Times台南歸仁大道停車場,臺南市歸仁區台南市歸仁區歸仁大道與歸仁五路交叉口(武東段142地號),0987753515,-1,0,201,4,4,4,0,0,24小時,每次60元，隔日另計。,22.928397，120.285160,到期日:114.12.31
民營停車場,110109,豪堤紙袋股份有限公司收費停車場,臺南市永康區中正二街589號（鹽中段1005地號）,06-2427811,-1,0,14,1,0,0,0,0,24小時,月租每月4，000元,23.034582，120.242574,到期日:115.12.29
民營停車場,110113,台灣聯通台南虎尾寮停車場,臺南市東區富農街1段131巷54號旁（富農段619、635、712地號）,02-25235000,-1,0,52,2,2,1,0,0,24小時,臨停每小時30元，月租每月5，000元。,22.981927，120.232678,到期日:115.11.14
民營停車場,111001,佳里光復停車場,臺南市佳里區和平街168號旁,0970853123,-1,0,45,2,1,1,0,0,24小時,臨停每小時20元，月租每月1，500元。,23.162515，120.175400,到期日:114.03.31
民營停車場,111002,多多停車場,臺南市善化區陽光大道小新國小對面（善新段207、208地號）,0953149519,-1,0,47,1,1,1,0,0,24小時,臨停每小時30元，月租每月1，800元。,23.115707，120.307757,到期日:115.04.19
民營停車場,111004,震禾企業善化陽光停車場,臺南市善化區陽光三路232巷2號旁（善新段38地號）,0908377689,-1,0,46,1,1,1,0,0,24小時,臨停每半小時20元，月租每月3，000元。,23.115702，120.309700,到期日:116.01.17
民營停車場,111005,上御亭鹽埕停車場,臺南市南區金華路1段484巷99弄（鹽埕段270、270-4、270-17、270-21地號）,07-2250198,-1,0,128,3,0,0,0,0,24小時,月租每月3，000元,22.972075，120.193752,到期日:115.08.19
民營停車場,111006,台灣聯通永康中正停車場,臺南市永康區中正路788號旁（鹽東段1172、1173-2地號）,02-25235000,-1,0,7,1,0,1,0,0,24小時,臨停每小時30元，月租每月5，000元。,23.037516，120.241516,到期日:115.07.31
民營停車場,111007,山上花園水道博物館停車場,臺南市山上區山上里16號（大新段334、456地號）,06-5781900,-1,10,117,3,3,1,0,0,09:30至17:30,大型車每次100元，小型車每次30元，以4小時計次。,23.096233，120.361000,到期日:116.01.21
民營停車場,111008,和P停車場,臺南市安平區中華西路二段345號旁（新南段23-42地號）,0976529592,-1,0,10,1,0,1,0,0,24小時,每小時60元，以半小時計費。,22.993556，120.186602,到期日:113.01.23
民營停車場,111009,嘟嘟房高鐵台南站停車場,臺南市歸仁區歸仁大道100號,06-601-952502-2655-1516,-1,0,645,15,24,2,433,9,24小時,臨停費率:汽車每小時30元，每日最高180元；機車每小時10元，每日最高50元。 月租部份:汽車每月3，600元；機車每月900元。 停車30分鐘內免費，入場後第1小時，以1小時計費。第2小時起，未滿半小時以半小時計費，逾半小時以1小時計費。,22.925709，120.284688,到期日:115.12.31
民營停車場,111010,城市車旅太子成大勝利停車場,臺南市東區勝利路116號成大校友會館B1~B3,0800208333,-1,0,254,6,6,6,761,16,24小時,臨停：小型車每小時60元，機車每小時20元。 月租：小型車6，000元，機車500元。 ,22.995860，120.218982,到期日:114.01.26
民營停車場,111012,和雲台南蓮潭北三街停車場,臺南市善化區蓮潭北三街（善新段143地號）,0809050550,-1,0,21,1,0,0,0,0,24小時,月租每月2，000元,23.118423，120.307609,到期日:115.08.15
民營停車場,111013,MITSUIOUTLETPARK台南顧客停車場,臺南市歸仁區歸仁大道101號,06-3033030,-1,0,1632,35,36,11,897,20,24小時,汽車：(08:00~23:59)平日每小時30元，假日每小時50元； (00:00~07:59)平假日每小時100元。 機車：(08:00~23:59)平日每小時10元，假日每小時20元； (00:00~07:59)平假日每小時50元。 ,22.925176，120.287385,到期日:116.02.17
民營停車場,111014,竑穗華平二站停車場,臺南市安平區臺南市安平區華平路515號旁(金華段51-7地號),06-2289846,-1,0,17,1,1,1,0,0,24小時,臨停每小時40元，月租3，000元。 其他月租或優惠依現場公告為主。 ,22.994064，120.175394,到期日：113.12.31
民營停車場,111015,新樓醫院停車場,臺南市東區東門路1段57號,0975166001,-1,0,136,4,4,2,0,0,24小時,進場停車20分鐘內免費(不含20分)。停車每小時30元，未滿30分鐘以15元計收，每日最高收費250元，隔日累計之。,22.989099，120.212687,到期日:115.12.31
民營停車場,111016,和雲台南龍目井路停車場,臺南市新市區龍目井路99號對面（營新段14地號）,0809050550,-1,0,143,3,3,3,0,0,24小時,平日每小時20元，假日每小時30元； 月租每月1，800元。 ,23.110344，120.307624,到期日:115.08.15
民營停車場,111017,麻豆市五停車場,臺南市麻豆區臺南市麻豆區中正路80號(保安段347地號),06-570-6776,-1,0,89,1,1,1,0,0,早上5:00至晚上21:00,臨停:小型車每次30元。 年租:一般民眾12，000元;會員8，000元;代表4，000元。,23.186097，120.249837,到期日:112.12.31
民營停車場,111019,和雲台南蓮潭路停車場,臺南市善化區蓮潭路61號旁（善新段119-1地號）,0809050550,-1,0,81,2,2,2,0,0,24小時,臨停每小時20元；月租1，800元。,23.113450，120.308970,到期日:113.08.15
民營停車場,111020,BUBU恰恰停車場,臺南市安南區怡安路2段（怡中段456、467地號）,06-2919966,-1,0,86,2,2,2,0,0,24小時,(06:00~24:00)平日每小時20元，假日每小時30元； (00:00~06:00)平假日每小時10元。 月租2，000元。 ,23.044626，120.196100,到期日:114.04.30
民營停車場,111021,竑穗新營和平停車場,臺南市新營區新進路2段109號B1,06-2289846,-1,0,27,1,1,1,0,0,24小時,臨停每小時30元，月租1，500元。,23.300221，120.310002,到期日:115.08.15
民營停車場,111022,台南翔勝停車場,臺南市永康區勝華街37巷（兵北段303、260、277-9地號）,0973987018,-1,0,36,1,1,1,0,0,24小時,臨停每小時40元(以半小時計費)，當日最高300元；月租3，000元。,23.004706，120.233746,到期日:116.03.14
民營停車場,111024,台南都會公園文賢停車場,臺南市仁德區臺南市仁德區文華路二段62號(公園段230~234地號等5筆土地),06-266-0808,-1,0,687,22,14,2,214,4,24小時,平日：大客車每小時80元，當次最高200元；小客車每小時30元，當次最高180元。 假日：大客車每小時100元，當次最高300元；小客車每小時40元，當次最高240元。 (以上收費第1小時以小時計費，之後以半小時計費。) 其他月租或優惠依現場公告為主。,22.936676，120.228188,到期日:113.01.03
民營停車場,111025,奇美博物館P1,臺南市仁德區臺南市仁德區文華路二段62號(奇美博物館正門南側),06-2660800,-1,60,81,4,4,2,0,0,24小時,平日：大客車每小時80元，當次最高200元；小客車每小時30元，當次最高180元。 假日：大客車每小時100元，當次最高300元；小客車每小時40元，當次最高240元。 (以上收費第1小時以小時計費，之後以半小時計費。) 其他月租或優惠依現場公告為主。,22.934484，120.221216,到期日:111.11.30
民營停車場,111026,奇美博物館P2,臺南市仁德區臺南市仁德區文華路二段62號(奇美博物館正門北側),06-2660800,-1,0,185,7,4,1,0,0,24小時,平日：小客車每小時30元，當次最高180元。 假日：小客車每小時40元，當次最高240元。 (以上收費第1小時以小時計費，之後以半小時計費。) 其他月租或優惠依現場公告為主。 ,22.934484，120.221216,到期日:111.11.30
民營停車場,111027,奇美博物館P3,臺南市仁德區臺南市仁德區文華路二段62號(文華路虎山橋旁),06-2660800,-1,0,63,2,2,1,309,6,24小時,平日：小客車每小時30元，當次最高180元。 假日：小客車每小時40元，當次最高240元。 (以上收費第1小時以小時計費，之後以半小時計費。) 其他月租或優惠依現場公告為主。,22.937478，120.224646,到期日:111.11.30
民營停車場,111028,和雲台南善新西路停車場,臺南市善化區善新西路近蓮潭南街（善新段270地號）,0809050550,-1,0,19,1,0,0,0,0,24小時,月租每月2，000元。,23.111162，120.302965,到期日:115.08.15
民營停車場,111029,竑穗成功大學醫學中心附屬停車場,臺南市北區臺南市北區勝利路138號（東興段845地號）,0800208333,-1,0,55,2,2,2,62,2,24小時,汽車：第1小時50元，爾後每半小時加收25元，24小時內最高收費600元。 機車：每次20元。 ,23.001281，120.218925,到期日:114.12.31
民營停車場,111030,寶盛台南武聖光賢停車場,臺南市中西區中華西路2段580巷21弄（武聖段2288-4地號）,07-3137601,-1,0,80,2,2,2,0,0,24小時,每小時30元，當日最高收費600元。 月租3，500元。 ,23.003618，120.187727,到期日:115.11.29
民營停車場,111032,育善停車場,臺南市佳里區佳里區育善街（安西段225地號）,0934137869,-1,0,6,1,0,0,0,0,24小時,月租3，000元。,23.165459，120.169156,到期日:115.12.20
民營停車場,111033,五都停車場高鐵台南六站,臺南市歸仁區武當路（武東段262、263地號）,0929910000,-1,0,451,10,10,10,0,0,24小時,每小時20元,22.926792，120.282996,到期日:115.02.21
民營停車場,111034,五都停車場高鐵台南旗艦站,臺南市歸仁區高鐵二路與高鐵大道交叉口（武東段269地號）,0929910000,-1,0,616,14,14,14,0,0,24小時,每小時20元,22.924420，120.282463,到期日:115.07.11
民營停車場,111035,竑穗中醫安南第五停車場,臺南市安南區長和路2段66號（和農段925地號部分）,0800208333,-1,0,308,7,7,7,0,0,24小時,臨停每小時30元，月租3，000元。,23.067682，120.223354,到期日:116.03.28
民營停車場,111037,GoParking台南永康五福街第二停車場,臺南市永康區五福街71號旁（南新段466、466-1、467、467-1、476-1地號）,0965338876,-1,0,27,1,0,0,0,0,24小時,月租每月5，000元。,23.013025，120.233135,到期日:113.11.03
民營停車場,111041,台灣聯通台南莊敬停車場,臺南市東區莊敬路270號對面(東光段51-16、51-17、51-18、51-19地號等4筆土地),02-2523-5000,-1,0,144,3,3,1,0,0,24小時,臨停平日每小時40元，假日每小時60元； 月租每月5，000元。 其他月租或優惠依現場公告為主。,22.997197，120.233599,到期日:115.12.15
民營停車場,111042,Times藏壽司台南中華西路店停車場,臺南市中西區中華西路2段625號(頂美段1325、1328、1329地號),0800888924,-1,0,43,1,1,1,0,0,24小時,平日每小時20元，假日每小時40元(以半小時計費，連續停放24小時內最高收費100元)。,23.000096，120.186657,到期日:116.03.21
民營停車場,111043,TimesUniqlo台南新營復興路店平面停車場,臺南市新營區復興路490號,02-2504-6098,-1,0,38,1,1,1,0,0,24小時,週一至週五每小時20元，週六至週日每小時40元(以半小時計費，入場24小時內最高收費200元)。 其他月租或優惠依現場公告為主。,23.305284，120.299050,到期日:115.12.01
民營停車場,111044,城市車旅國際停車場,臺南市新市區國際路13號3F、4F,0800208333,-1,0,126,2,2,2,0,0,24小時,月租3，000元,23.079138，120.297998,到期日:115.03.31
民營停車場,111045,大臺南會展中心停車場,臺南市歸仁區歸仁十二路3號（武東段276地號）,02-87805688,-1,0,518,12,12,8,449,10,24小時,臨停：小型車每小時40元，機車每次20元。 月租：小型車6，000元，機車600元。 (電動小型車每小時60元),22.920177，120.285059,到期日:116.04.18
民營停車場,111046,竑穗家樂福安平店停車場,臺南市中西區中華西路2段16號3樓,06-2289846,-1,0,162,4,4,4,0,0,24小時,臨停每小時40元(第1小時以小時計費，之後以半小時計費。)；月租3，000元。,22.987627，120.187021,到期日:116.04.19
民營停車場,111047,鼎豐國際開發股份有限公司怡平停車場,臺南市安平區怡平路與健康二街交叉口(金華段50、50-1~50-4地號共5筆土地),0906521332,-1,0,13,1,0,1,0,0,24小時,每小時30元,22.993792，120.174372,到期日:116.04.19
民營停車場,111048,盛川永康停車場,臺南市永康區臺南市永康區臺鐵永康站旁（四維段48、49、50、51、52地號）,0932495212,-1,0,0,0,0,0,61,1,24小時,每日每次25元 其他月租或優惠依現場公告為主。,23.038187，120.253387,到期日：112.11.25
民營停車場,111049,鹽水觀光美食城停車場,臺南市鹽水區康樂路56號(後厝段551、553地號),0921268747,-1,0,16,1,0,1,0,0,上午8時至晚上8時(燈節期間延長至晚上10時),每小時20元，每日最高240元。,23.319441，120.268832,到期日:111.12.31
民營停車場,111050,吉拾停車場臨安場,臺南市北區臨安路二段310號頂樓,02-82280188,-1,0,44,1,1,1,0,0,24小時,每小時40元(店內消費折抵停車時數依現場告示) 每月5，000元,23.004625，120.202628,到期日:116.06.09
民營停車場,111051,城市車旅富中停車場,臺南市新市區富中街132號對面(新北段38、41、42地號),0800208333,-1,0,71,2,2,2,0,0,24小時,臨停每小時40元，月租2，000元。,23.083035，120.293479,到期日:116.01.19
民營停車場,A01351,博客停車場開發股份有限公司台南轉運站停車場,臺南市北區臺南市北區公園路291號（北華段21、131地號）,02-29488889,0,0,229,8,8,16,449,17,24小時,臨停:汽車每小時20元，機車每小時10元。 其他月租或優惠依現場公告為主。,23.001679，120.209027,到期日:113.12.24
民營停車場,A01591,台南機場地下停車場,臺南市南區機場路775號地下室1樓,06-336-933806-260-1257,41,0,106,3,4,1,0,0,計時收費停車場:每日7時至20時。員工專用停車場:每十24小時。,臨停部份:30元/小時；停車30分鐘內不計費，逾30分鐘以上1小時內以1小時計費，逾1小時以上超過部份不滿30分鐘以半小時15元計費，超過30分鐘以上仍以1小時計費，當日最高240元。月租部份:駐站單位1，000元/月，個人月租1，500元/月。,22.947833，120.216238,到期日:115.09.17
民營停車場,B00009,博客停車場開發股份有限公司燦坤海佃場,臺南市安南區臺南市安南區海佃路1段329號,02-29488889,96,0,146,4,4,1,0,0,24小時,臨停:平日每小時30元;假日每小時50元。 其他月租或優惠依現場公告為主。 ,23.026049，120.191006,到期日：111.04.24
民營停車場,B00011,成功大學大學路地下停車場,臺南市東區大學路1號,06-2089516,9,0,124,2,3,3,0,0,24小時,臨停部分：25元/半小時。 月租部份：5，000元/月。,22.996864，120.221853,到期日:110.01.31
